reference_date,horizon,target,target_end_date,location,output_type,output_type_id,value
2025-12-06,0,wk inc rsv hosp,2025-12-06,06,quantile,0.01,63.51219216666666
2025-12-06,0,wk inc rsv hosp,2025-12-06,06,quantile,0.025,63.51219216666666
2025-12-06,0,wk inc rsv hosp,2025-12-06,06,quantile,0.05,63.51219216666666
2025-12-06,0,wk inc rsv hosp,2025-12-06,06,quantile,0.1,63.51219216666666
2025-12-06,0,wk inc rsv hosp,2025-12-06,06,quantile,0.15,63.51219216666666
2025-12-06,0,wk inc rsv hosp,2025-12-06,06,quantile,0.2,75.2961416978726
2025-12-06,0,wk inc rsv hosp,2025-12-06,06,quantile,0.25,80.43176472559259
2025-12-06,0,wk inc rsv hosp,2025-12-06,06,quantile,0.3,82.87309771168
2025-12-06,0,wk inc rsv hosp,2025-12-06,06,quantile,0.35,84.2269082044563
2025-12-06,0,wk inc rsv hosp,2025-12-06,06,quantile,0.4,86.32249796544001
2025-12-06,0,wk inc rsv hosp,2025-12-06,06,quantile,0.45,87.46542324857778
2025-12-06,0,wk inc rsv hosp,2025-12-06,06,quantile,0.5,90.4118974
2025-12-06,0,wk inc rsv hosp,2025-12-06,06,quantile,0.55,92.90738308475557
2025-12-06,0,wk inc rsv hosp,2025-12-06,06,quantile,0.6,94.05030836789332
2025-12-06,0,wk inc rsv hosp,2025-12-06,06,quantile,0.65,96.14589812887704
2025-12-06,0,wk inc rsv hosp,2025-12-06,06,quantile,0.7,97.49970862165333
2025-12-06,0,wk inc rsv hosp,2025-12-06,06,quantile,0.75,99.94104160774074
2025-12-06,0,wk inc rsv hosp,2025-12-06,06,quantile,0.8,105.07666463546072
2025-12-06,0,wk inc rsv hosp,2025-12-06,06,quantile,0.85,116.86061416666666
2025-12-06,0,wk inc rsv hosp,2025-12-06,06,quantile,0.9,116.86061416666666
2025-12-06,0,wk inc rsv hosp,2025-12-06,06,quantile,0.95,116.86061416666666
2025-12-06,0,wk inc rsv hosp,2025-12-06,06,quantile,0.975,116.86061416666666
2025-12-06,0,wk inc rsv hosp,2025-12-06,06,quantile,0.99,116.86061416666666
2025-12-06,0,wk inc rsv hosp,2025-12-06,08,quantile,0.01,6.998019099999999
2025-12-06,0,wk inc rsv hosp,2025-12-06,08,quantile,0.025,6.998019099999999
2025-12-06,0,wk inc rsv hosp,2025-12-06,08,quantile,0.05,7.074331605788236
2025-12-06,0,wk inc rsv hosp,2025-12-06,08,quantile,0.1,7.8686874115968655
2025-12-06,0,wk inc rsv hosp,2025-12-06,08,quantile,0.15,8.85520053290196
2025-12-06,0,wk inc rsv hosp,2025-12-06,08,quantile,0.2,9.579258926807835
2025-12-06,0,wk inc rsv hosp,2025-12-06,08,quantile,0.25,10.132732210784312
2025-12-06,0,wk inc rsv hosp,2025-12-06,08,quantile,0.3,10.812827203019452
2025-12-06,0,wk inc rsv hosp,2025-12-06,08,quantile,0.35,10.951938416615684
2025-12-06,0,wk inc rsv hosp,2025-12-06,08,quantile,0.4,11.499443526726695
2025-12-06,0,wk inc rsv hosp,2025-12-06,08,quantile,0.45,11.713404554241569
2025-12-06,0,wk inc rsv hosp,2025-12-06,08,quantile,0.5,14.620262666666658
2025-12-06,0,wk inc rsv hosp,2025-12-06,08,quantile,0.55,14.712131112425098
2025-12-06,0,wk inc rsv hosp,2025-12-06,08,quantile,0.6,14.926092139939968
2025-12-06,0,wk inc rsv hosp,2025-12-06,08,quantile,0.65,15.473597250050982
2025-12-06,0,wk inc rsv hosp,2025-12-06,08,quantile,0.7,15.612708463647213
2025-12-06,0,wk inc rsv hosp,2025-12-06,08,quantile,0.75,16.292803455882353
2025-12-06,0,wk inc rsv hosp,2025-12-06,08,quantile,0.8,16.846276739858826
2025-12-06,0,wk inc rsv hosp,2025-12-06,08,quantile,0.85,17.570335133764704
2025-12-06,0,wk inc rsv hosp,2025-12-06,08,quantile,0.9,18.5568482550698
2025-12-06,0,wk inc rsv hosp,2025-12-06,08,quantile,0.95,19.35120406087843
2025-12-06,0,wk inc rsv hosp,2025-12-06,08,quantile,0.975,19.427516566666668
2025-12-06,0,wk inc rsv hosp,2025-12-06,08,quantile,0.99,19.427516566666668
2025-12-06,0,wk inc rsv hosp,2025-12-06,09,quantile,0.01,11.64793045
2025-12-06,0,wk inc rsv hosp,2025-12-06,09,quantile,0.025,11.64793045
2025-12-06,0,wk inc rsv hosp,2025-12-06,09,quantile,0.05,11.679394489786668
2025-12-06,0,wk inc rsv hosp,2025-12-06,09,quantile,0.1,11.950374559717035
2025-12-06,0,wk inc rsv hosp,2025-12-06,09,quantile,0.15,13.05926104231111
2025-12-06,0,wk inc rsv hosp,2025-12-06,09,quantile,0.2,13.310070155819556
2025-12-06,0,wk inc rsv hosp,2025-12-06,09,quantile,0.25,13.644212341711112
2025-12-06,0,wk inc rsv hosp,2025-12-06,09,quantile,0.3,14.221907467109332
2025-12-06,0,wk inc rsv hosp,2025-12-06,09,quantile,0.35,14.456732327802843
2025-12-06,0,wk inc rsv hosp,2025-12-06,09,quantile,0.4,14.69459808504329
2025-12-06,0,wk inc rsv hosp,2025-12-06,09,quantile,0.45,14.878986015147852
2025-12-06,0,wk inc rsv hosp,2025-12-06,09,quantile,0.5,15.511791473333336
2025-12-06,0,wk inc rsv hosp,2025-12-06,09,quantile,0.55,15.750317651518817
2025-12-06,0,wk inc rsv hosp,2025-12-06,09,quantile,0.6,15.934705581623378
2025-12-06,0,wk inc rsv hosp,2025-12-06,09,quantile,0.65,16.172571338863825
2025-12-06,0,wk inc rsv hosp,2025-12-06,09,quantile,0.7,16.407396199557336
2025-12-06,0,wk inc rsv hosp,2025-12-06,09,quantile,0.75,16.985091324955555
2025-12-06,0,wk inc rsv hosp,2025-12-06,09,quantile,0.8,17.319233510847113
2025-12-06,0,wk inc rsv hosp,2025-12-06,09,quantile,0.85,17.57004262435556
2025-12-06,0,wk inc rsv hosp,2025-12-06,09,quantile,0.9,18.67892910694963
2025-12-06,0,wk inc rsv hosp,2025-12-06,09,quantile,0.95,18.94990917688
2025-12-06,0,wk inc rsv hosp,2025-12-06,09,quantile,0.975,18.981373216666668
2025-12-06,0,wk inc rsv hosp,2025-12-06,09,quantile,0.99,18.981373216666668
2025-12-06,0,wk inc rsv hosp,2025-12-06,13,quantile,0.01,140.84757433333334
2025-12-06,0,wk inc rsv hosp,2025-12-06,13,quantile,0.025,140.84757433333334
2025-12-06,0,wk inc rsv hosp,2025-12-06,13,quantile,0.05,140.84757433333334
2025-12-06,0,wk inc rsv hosp,2025-12-06,13,quantile,0.1,141.11096716853336
2025-12-06,0,wk inc rsv hosp,2025-12-06,13,quantile,0.15,150.6497761665778
2025-12-06,0,wk inc rsv hosp,2025-12-06,13,quantile,0.2,159.70474854394075
2025-12-06,0,wk inc rsv hosp,2025-12-06,13,quantile,0.25,163.44571946825928
2025-12-06,0,wk inc rsv hosp,2025-12-06,13,quantile,0.3,164.15699788248298
2025-12-06,0,wk inc rsv hosp,2025-12-06,13,quantile,0.35,164.78488252284447
2025-12-06,0,wk inc rsv hosp,2025-12-06,13,quantile,0.4,165.0395335559704
2025-12-06,0,wk inc rsv hosp,2025-12-06,13,quantile,0.45,169.09352794353782
2025-12-06,0,wk inc rsv hosp,2025-12-06,13,quantile,0.5,169.32332200000002
2025-12-06,0,wk inc rsv hosp,2025-12-06,13,quantile,0.55,169.37418538979557
2025-12-06,0,wk inc rsv hosp,2025-12-06,13,quantile,0.6,173.428179777363
2025-12-06,0,wk inc rsv hosp,2025-12-06,13,quantile,0.65,173.68283081048892
2025-12-06,0,wk inc rsv hosp,2025-12-06,13,quantile,0.7,174.3107154508504
2025-12-06,0,wk inc rsv hosp,2025-12-06,13,quantile,0.75,175.0219938650741
2025-12-06,0,wk inc rsv hosp,2025-12-06,13,quantile,0.8,178.76296478939264
2025-12-06,0,wk inc rsv hosp,2025-12-06,13,quantile,0.85,187.8179371667556
2025-12-06,0,wk inc rsv hosp,2025-12-06,13,quantile,0.9,197.35674616480003
2025-12-06,0,wk inc rsv hosp,2025-12-06,13,quantile,0.95,197.62013900000005
2025-12-06,0,wk inc rsv hosp,2025-12-06,13,quantile,0.975,197.62013900000005
2025-12-06,0,wk inc rsv hosp,2025-12-06,13,quantile,0.99,197.62013900000005
2025-12-06,0,wk inc rsv hosp,2025-12-06,24,quantile,0.01,29.444517699999995
2025-12-06,0,wk inc rsv hosp,2025-12-06,24,quantile,0.025,29.444517699999995
2025-12-06,0,wk inc rsv hosp,2025-12-06,24,quantile,0.05,29.444517699999995
2025-12-06,0,wk inc rsv hosp,2025-12-06,24,quantile,0.1,29.444517699999995
2025-12-06,0,wk inc rsv hosp,2025-12-06,24,quantile,0.15,29.444517699999995
2025-12-06,0,wk inc rsv hosp,2025-12-06,24,quantile,0.2,34.19413505778666
2025-12-06,0,wk inc rsv hosp,2025-12-06,24,quantile,0.25,34.7500508657037
2025-12-06,0,wk inc rsv hosp,2025-12-06,24,quantile,0.3,35.717657040616
2025-12-06,0,wk inc rsv hosp,2025-12-06,24,quantile,0.35,35.847989275093326
2025-12-06,0,wk inc rsv hosp,2025-12-06,24,quantile,0.4,36.68775699898192
2025-12-06,0,wk inc rsv hosp,2025-12-06,24,quantile,0.45,37.19248769629333
2025-12-06,0,wk inc rsv hosp,2025-12-06,24,quantile,0.5,38.14317201333333
2025-12-06,0,wk inc rsv hosp,2025-12-06,24,quantile,0.55,38.85881997037333
2025-12-06,0,wk inc rsv hosp,2025-12-06,24,quantile,0.6,39.36355066768474
2025-12-06,0,wk inc rsv hosp,2025-12-06,24,quantile,0.65,40.20331839157333
2025-12-06,0,wk inc rsv hosp,2025-12-06,24,quantile,0.7,40.33365062605066
2025-12-06,0,wk inc rsv hosp,2025-12-06,24,quantile,0.75,41.30125680096296
2025-12-06,0,wk inc rsv hosp,2025-12-06,24,quantile,0.8,41.85717260888
2025-12-06,0,wk inc rsv hosp,2025-12-06,24,quantile,0.85,46.60678996666667
2025-12-06,0,wk inc rsv hosp,2025-12-06,24,quantile,0.9,46.60678996666667
2025-12-06,0,wk inc rsv hosp,2025-12-06,24,quantile,0.95,46.60678996666667
2025-12-06,0,wk inc rsv hosp,2025-12-06,24,quantile,0.975,46.60678996666667
2025-12-06,0,wk inc rsv hosp,2025-12-06,24,quantile,0.99,46.60678996666667
2025-12-06,0,wk inc rsv hosp,2025-12-06,26,quantile,0.01,7.264122366666662
2025-12-06,0,wk inc rsv hosp,2025-12-06,26,quantile,0.025,7.264122366666662
2025-12-06,0,wk inc rsv hosp,2025-12-06,26,quantile,0.05,7.264122366666662
2025-12-06,0,wk inc rsv hosp,2025-12-06,26,quantile,0.1,11.287421611817951
2025-12-06,0,wk inc rsv hosp,2025-12-06,26,quantile,0.15,11.690823106000744
2025-12-06,0,wk inc rsv hosp,2025-12-06,26,quantile,0.2,14.112751584002952
2025-12-06,0,wk inc rsv hosp,2025-12-06,26,quantile,0.25,16.60374929044444
2025-12-06,0,wk inc rsv hosp,2025-12-06,26,quantile,0.3,17.016102817048885
2025-12-06,0,wk inc rsv hosp,2025-12-06,26,quantile,0.35,17.533883527057768
2025-12-06,0,wk inc rsv hosp,2025-12-06,26,quantile,0.4,18.171349229197045
2025-12-06,0,wk inc rsv hosp,2025-12-06,26,quantile,0.45,19.314783016417778
2025-12-06,0,wk inc rsv hosp,2025-12-06,26,quantile,0.5,20.78728101666666
2025-12-06,0,wk inc rsv hosp,2025-12-06,26,quantile,0.55,20.907963816915547
2025-12-06,0,wk inc rsv hosp,2025-12-06,26,quantile,0.6,22.05139760413628
2025-12-06,0,wk inc rsv hosp,2025-12-06,26,quantile,0.65,22.68886330627556
2025-12-06,0,wk inc rsv hosp,2025-12-06,26,quantile,0.7,23.20664401628444
2025-12-06,0,wk inc rsv hosp,2025-12-06,26,quantile,0.75,23.618997542888884
2025-12-06,0,wk inc rsv hosp,2025-12-06,26,quantile,0.8,26.10999524933037
2025-12-06,0,wk inc rsv hosp,2025-12-06,26,quantile,0.85,28.531923727332583
2025-12-06,0,wk inc rsv hosp,2025-12-06,26,quantile,0.9,28.93532522151537
2025-12-06,0,wk inc rsv hosp,2025-12-06,26,quantile,0.95,32.95862446666666
2025-12-06,0,wk inc rsv hosp,2025-12-06,26,quantile,0.975,32.95862446666666
2025-12-06,0,wk inc rsv hosp,2025-12-06,26,quantile,0.99,32.95862446666666
2025-12-06,0,wk inc rsv hosp,2025-12-06,27,quantile,0.01,14.859367966666667
2025-12-06,0,wk inc rsv hosp,2025-12-06,27,quantile,0.025,14.859367966666667
2025-12-06,0,wk inc rsv hosp,2025-12-06,27,quantile,0.05,14.859367966666667
2025-12-06,0,wk inc rsv hosp,2025-12-06,27,quantile,0.1,14.859367966666667
2025-12-06,0,wk inc rsv hosp,2025-12-06,27,quantile,0.15,14.986253391413332
2025-12-06,0,wk inc rsv hosp,2025-12-06,27,quantile,0.2,18.45817870884267
2025-12-06,0,wk inc rsv hosp,2025-12-06,27,quantile,0.25,20.490408942
2025-12-06,0,wk inc rsv hosp,2025-12-06,27,quantile,0.3,23.131314959988146
2025-12-06,0,wk inc rsv hosp,2025-12-06,27,quantile,0.35,23.60115969718518
2025-12-06,0,wk inc rsv hosp,2025-12-06,27,quantile,0.4,23.611471554500746
2025-12-06,0,wk inc rsv hosp,2025-12-06,27,quantile,0.45,24.050098657271118
2025-12-06,0,wk inc rsv hosp,2025-12-06,27,quantile,0.5,26.309215057666663
2025-12-06,0,wk inc rsv hosp,2025-12-06,27,quantile,0.55,26.792396342728885
2025-12-06,0,wk inc rsv hosp,2025-12-06,27,quantile,0.6,27.231023445499257
2025-12-06,0,wk inc rsv hosp,2025-12-06,27,quantile,0.65,27.241335302814814
2025-12-06,0,wk inc rsv hosp,2025-12-06,27,quantile,0.7,27.711180040011858
2025-12-06,0,wk inc rsv hosp,2025-12-06,27,quantile,0.75,30.352086058
2025-12-06,0,wk inc rsv hosp,2025-12-06,27,quantile,0.8,32.38431629115733
2025-12-06,0,wk inc rsv hosp,2025-12-06,27,quantile,0.85,35.856241608586664
2025-12-06,0,wk inc rsv hosp,2025-12-06,27,quantile,0.9,35.98312703333333
2025-12-06,0,wk inc rsv hosp,2025-12-06,27,quantile,0.95,35.98312703333333
2025-12-06,0,wk inc rsv hosp,2025-12-06,27,quantile,0.975,35.98312703333333
2025-12-06,0,wk inc rsv hosp,2025-12-06,27,quantile,0.99,35.98312703333333
2025-12-06,0,wk inc rsv hosp,2025-12-06,35,quantile,0.01,0.0
2025-12-06,0,wk inc rsv hosp,2025-12-06,35,quantile,0.025,0.0
2025-12-06,0,wk inc rsv hosp,2025-12-06,35,quantile,0.05,0.0
2025-12-06,0,wk inc rsv hosp,2025-12-06,35,quantile,0.1,0.0
2025-12-06,0,wk inc rsv hosp,2025-12-06,35,quantile,0.15,0.0
2025-12-06,0,wk inc rsv hosp,2025-12-06,35,quantile,0.2,0.0
2025-12-06,0,wk inc rsv hosp,2025-12-06,35,quantile,0.25,0.0
2025-12-06,0,wk inc rsv hosp,2025-12-06,35,quantile,0.3,1.102945436241883
2025-12-06,0,wk inc rsv hosp,2025-12-06,35,quantile,0.35,1.1342528445527835
2025-12-06,0,wk inc rsv hosp,2025-12-06,35,quantile,0.4,1.4406393286431396
2025-12-06,0,wk inc rsv hosp,2025-12-06,35,quantile,0.45,2.376234436583529
2025-12-06,0,wk inc rsv hosp,2025-12-06,35,quantile,0.5,4.243285106666667
2025-12-06,0,wk inc rsv hosp,2025-12-06,35,quantile,0.55,4.4788666967498045
2025-12-06,0,wk inc rsv hosp,2025-12-06,35,quantile,0.6,5.414461804690195
2025-12-06,0,wk inc rsv hosp,2025-12-06,35,quantile,0.65,5.72084828878055
2025-12-06,0,wk inc rsv hosp,2025-12-06,35,quantile,0.7,5.752155697091451
2025-12-06,0,wk inc rsv hosp,2025-12-06,35,quantile,0.75,6.859253020419112
2025-12-06,0,wk inc rsv hosp,2025-12-06,35,quantile,0.8,7.513436950534905
2025-12-06,0,wk inc rsv hosp,2025-12-06,35,quantile,0.85,7.767545608870588
2025-12-06,0,wk inc rsv hosp,2025-12-06,35,quantile,0.9,8.528778011570193
2025-12-06,0,wk inc rsv hosp,2025-12-06,35,quantile,0.95,8.587734156666667
2025-12-06,0,wk inc rsv hosp,2025-12-06,35,quantile,0.975,8.587734156666667
2025-12-06,0,wk inc rsv hosp,2025-12-06,35,quantile,0.99,8.587734156666667
2025-12-06,0,wk inc rsv hosp,2025-12-06,36,quantile,0.01,134.90663133333334
2025-12-06,0,wk inc rsv hosp,2025-12-06,36,quantile,0.025,134.90663133333334
2025-12-06,0,wk inc rsv hosp,2025-12-06,36,quantile,0.05,134.90663133333334
2025-12-06,0,wk inc rsv hosp,2025-12-06,36,quantile,0.1,134.90663133333334
2025-12-06,0,wk inc rsv hosp,2025-12-06,36,quantile,0.15,134.90663133333334
2025-12-06,0,wk inc rsv hosp,2025-12-06,36,quantile,0.2,134.90663133333334
2025-12-06,0,wk inc rsv hosp,2025-12-06,36,quantile,0.25,143.6321041028148
2025-12-06,0,wk inc rsv hosp,2025-12-06,36,quantile,0.3,145.3120719305511
2025-12-06,0,wk inc rsv hosp,2025-12-06,36,quantile,0.35,147.3415405680978
2025-12-06,0,wk inc rsv hosp,2025-12-06,36,quantile,0.4,160.98625250406818
2025-12-06,0,wk inc rsv hosp,2025-12-06,36,quantile,0.45,161.36636420392
2025-12-06,0,wk inc rsv hosp,2025-12-06,36,quantile,0.5,167.22800233333334
2025-12-06,0,wk inc rsv hosp,2025-12-06,36,quantile,0.55,171.47175246274668
2025-12-06,0,wk inc rsv hosp,2025-12-06,36,quantile,0.6,171.8518641625985
2025-12-06,0,wk inc rsv hosp,2025-12-06,36,quantile,0.65,185.49657609856888
2025-12-06,0,wk inc rsv hosp,2025-12-06,36,quantile,0.7,187.5260447361156
2025-12-06,0,wk inc rsv hosp,2025-12-06,36,quantile,0.75,189.20601256385189
2025-12-06,0,wk inc rsv hosp,2025-12-06,36,quantile,0.8,197.9314853333333
2025-12-06,0,wk inc rsv hosp,2025-12-06,36,quantile,0.85,197.9314853333333
2025-12-06,0,wk inc rsv hosp,2025-12-06,36,quantile,0.9,197.9314853333333
2025-12-06,0,wk inc rsv hosp,2025-12-06,36,quantile,0.95,197.9314853333333
2025-12-06,0,wk inc rsv hosp,2025-12-06,36,quantile,0.975,197.9314853333333
2025-12-06,0,wk inc rsv hosp,2025-12-06,36,quantile,0.99,197.9314853333333
2025-12-06,0,wk inc rsv hosp,2025-12-06,41,quantile,0.01,0.0
2025-12-06,0,wk inc rsv hosp,2025-12-06,41,quantile,0.025,0.0
2025-12-06,0,wk inc rsv hosp,2025-12-06,41,quantile,0.05,0.0
2025-12-06,0,wk inc rsv hosp,2025-12-06,41,quantile,0.1,0.4004544037066671
2025-12-06,0,wk inc rsv hosp,2025-12-06,41,quantile,0.15,0.4401534191733329
2025-12-06,0,wk inc rsv hosp,2025-12-06,41,quantile,0.2,1.130542257821333
2025-12-06,0,wk inc rsv hosp,2025-12-06,41,quantile,0.25,1.1829788443066662
2025-12-06,0,wk inc rsv hosp,2025-12-06,41,quantile,0.3,1.2649494446017775
2025-12-06,0,wk inc rsv hosp,2025-12-06,41,quantile,0.35,1.5101800331066677
2025-12-06,0,wk inc rsv hosp,2025-12-06,41,quantile,0.4,2.169808913552
2025-12-06,0,wk inc rsv hosp,2025-12-06,41,quantile,0.45,2.4521067216243004
2025-12-06,0,wk inc rsv hosp,2025-12-06,41,quantile,0.5,4.3083086171666665
2025-12-06,0,wk inc rsv hosp,2025-12-06,41,quantile,0.55,4.9116723783757
2025-12-06,0,wk inc rsv hosp,2025-12-06,41,quantile,0.6,5.193970186448
2025-12-06,0,wk inc rsv hosp,2025-12-06,41,quantile,0.65,5.853599066893333
2025-12-06,0,wk inc rsv hosp,2025-12-06,41,quantile,0.7,6.098829655398223
2025-12-06,0,wk inc rsv hosp,2025-12-06,41,quantile,0.75,6.180800255693335
2025-12-06,0,wk inc rsv hosp,2025-12-06,41,quantile,0.8,6.233236842178667
2025-12-06,0,wk inc rsv hosp,2025-12-06,41,quantile,0.85,6.923625680826667
2025-12-06,0,wk inc rsv hosp,2025-12-06,41,quantile,0.9,6.963324696293333
2025-12-06,0,wk inc rsv hosp,2025-12-06,41,quantile,0.95,7.870856894767734
2025-12-06,0,wk inc rsv hosp,2025-12-06,41,quantile,0.975,7.977301167833334
2025-12-06,0,wk inc rsv hosp,2025-12-06,41,quantile,0.99,7.977301167833334
2025-12-06,0,wk inc rsv hosp,2025-12-06,47,quantile,0.01,17.565957820283334
2025-12-06,0,wk inc rsv hosp,2025-12-06,47,quantile,0.025,17.565957820283334
2025-12-06,0,wk inc rsv hosp,2025-12-06,47,quantile,0.05,20.595681102357837
2025-12-06,0,wk inc rsv hosp,2025-12-06,47,quantile,0.1,21.84584721712296
2025-12-06,0,wk inc rsv hosp,2025-12-06,47,quantile,0.15,22.40921286088
2025-12-06,0,wk inc rsv hosp,2025-12-06,47,quantile,0.2,25.221404558366828
2025-12-06,0,wk inc rsv hosp,2025-12-06,47,quantile,0.25,26.55948524445926
2025-12-06,0,wk inc rsv hosp,2025-12-06,47,quantile,0.3,26.59035892217185
2025-12-06,0,wk inc rsv hosp,2025-12-06,47,quantile,0.35,27.41111695874252
2025-12-06,0,wk inc rsv hosp,2025-12-06,47,quantile,0.4,29.51803342049186
2025-12-06,0,wk inc rsv hosp,2025-12-06,47,quantile,0.45,30.384444091799104
2025-12-06,0,wk inc rsv hosp,2025-12-06,47,quantile,0.5,30.6164614
2025-12-06,0,wk inc rsv hosp,2025-12-06,47,quantile,0.55,30.7664719082009
2025-12-06,0,wk inc rsv hosp,2025-12-06,47,quantile,0.6,31.63288257950814
2025-12-06,0,wk inc rsv hosp,2025-12-06,47,quantile,0.65,33.739799041257484
2025-12-06,0,wk inc rsv hosp,2025-12-06,47,quantile,0.7,34.56055707782815
2025-12-06,0,wk inc rsv hosp,2025-12-06,47,quantile,0.75,34.59143075554074
2025-12-06,0,wk inc rsv hosp,2025-12-06,47,quantile,0.8,35.929511441633174
2025-12-06,0,wk inc rsv hosp,2025-12-06,47,quantile,0.85,38.741703139120006
2025-12-06,0,wk inc rsv hosp,2025-12-06,47,quantile,0.9,39.30506878287704
2025-12-06,0,wk inc rsv hosp,2025-12-06,47,quantile,0.95,40.555234897642165
2025-12-06,0,wk inc rsv hosp,2025-12-06,47,quantile,0.975,43.584958179716665
2025-12-06,0,wk inc rsv hosp,2025-12-06,47,quantile,0.99,43.584958179716665
2025-12-06,0,wk inc rsv hosp,2025-12-06,49,quantile,0.01,1.166855683333333
2025-12-06,0,wk inc rsv hosp,2025-12-06,49,quantile,0.025,1.166855683333333
2025-12-06,0,wk inc rsv hosp,2025-12-06,49,quantile,0.05,2.357184019059257
2025-12-06,0,wk inc rsv hosp,2025-12-06,49,quantile,0.1,3.366827793724444
2025-12-06,0,wk inc rsv hosp,2025-12-06,49,quantile,0.15,4.3392401693182805
2025-12-06,0,wk inc rsv hosp,2025-12-06,49,quantile,0.2,4.673690881258307
2025-12-06,0,wk inc rsv hosp,2025-12-06,49,quantile,0.25,5.000171564340739
2025-12-06,0,wk inc rsv hosp,2025-12-06,49,quantile,0.3,6.119174314471998
2025-12-06,0,wk inc rsv hosp,2025-12-06,49,quantile,0.35,6.690848866306226
2025-12-06,0,wk inc rsv hosp,2025-12-06,49,quantile,0.4,7.404617051564443
2025-12-06,0,wk inc rsv hosp,2025-12-06,49,quantile,0.45,7.432310622657779
2025-12-06,0,wk inc rsv hosp,2025-12-06,49,quantile,0.5,14.145261949999998
2025-12-06,0,wk inc rsv hosp,2025-12-06,49,quantile,0.55,14.246805044008886
2025-12-06,0,wk inc rsv hosp,2025-12-06,49,quantile,0.6,14.27449861510222
2025-12-06,0,wk inc rsv hosp,2025-12-06,49,quantile,0.65,14.98826680036044
2025-12-06,0,wk inc rsv hosp,2025-12-06,49,quantile,0.7,15.559941352194668
2025-12-06,0,wk inc rsv hosp,2025-12-06,49,quantile,0.75,16.678944102325925
2025-12-06,0,wk inc rsv hosp,2025-12-06,49,quantile,0.8,17.00542478540836
2025-12-06,0,wk inc rsv hosp,2025-12-06,49,quantile,0.85,17.339875497348384
2025-12-06,0,wk inc rsv hosp,2025-12-06,49,quantile,0.9,18.31228787294222
2025-12-06,0,wk inc rsv hosp,2025-12-06,49,quantile,0.95,19.321931647607407
2025-12-06,0,wk inc rsv hosp,2025-12-06,49,quantile,0.975,20.51225998333333
2025-12-06,0,wk inc rsv hosp,2025-12-06,49,quantile,0.99,20.51225998333333
2025-12-06,0,wk inc rsv hosp,2025-12-06,US,quantile,0.01,1887.1572133333332
2025-12-06,0,wk inc rsv hosp,2025-12-06,US,quantile,0.025,1887.1572133333332
2025-12-06,0,wk inc rsv hosp,2025-12-06,US,quantile,0.05,1887.1572133333332
2025-12-06,0,wk inc rsv hosp,2025-12-06,US,quantile,0.1,1887.1572133333332
2025-12-06,0,wk inc rsv hosp,2025-12-06,US,quantile,0.15,1887.3616891946667
2025-12-06,0,wk inc rsv hosp,2025-12-06,US,quantile,0.2,1891.245495606222
2025-12-06,0,wk inc rsv hosp,2025-12-06,US,quantile,0.25,1894.4778955848888
2025-12-06,0,wk inc rsv hosp,2025-12-06,US,quantile,0.3,1933.2820789703703
2025-12-06,0,wk inc rsv hosp,2025-12-06,US,quantile,0.35,1961.144576336
2025-12-06,0,wk inc rsv hosp,2025-12-06,US,quantile,0.4,1976.1433620698367
2025-12-06,0,wk inc rsv hosp,2025-12-06,US,quantile,0.45,2099.9073210129777
2025-12-06,0,wk inc rsv hosp,2025-12-06,US,quantile,0.5,2255.3186866666665
2025-12-06,0,wk inc rsv hosp,2025-12-06,US,quantile,0.55,2321.534178987022
2025-12-06,0,wk inc rsv hosp,2025-12-06,US,quantile,0.6,2445.2981379301627
2025-12-06,0,wk inc rsv hosp,2025-12-06,US,quantile,0.65,2460.296923664
2025-12-06,0,wk inc rsv hosp,2025-12-06,US,quantile,0.7,2488.15942102963
2025-12-06,0,wk inc rsv hosp,2025-12-06,US,quantile,0.75,2526.963604415111
2025-12-06,0,wk inc rsv hosp,2025-12-06,US,quantile,0.8,2530.196004393778
2025-12-06,0,wk inc rsv hosp,2025-12-06,US,quantile,0.85,2534.079810805333
2025-12-06,0,wk inc rsv hosp,2025-12-06,US,quantile,0.9,2534.2842866666665
2025-12-06,0,wk inc rsv hosp,2025-12-06,US,quantile,0.95,2534.2842866666665
2025-12-06,0,wk inc rsv hosp,2025-12-06,US,quantile,0.975,2534.2842866666665
2025-12-06,0,wk inc rsv hosp,2025-12-06,US,quantile,0.99,2534.2842866666665
2025-12-06,1,wk inc rsv hosp,2025-12-13,06,quantile,0.01,74.25681783333332
2025-12-06,1,wk inc rsv hosp,2025-12-13,06,quantile,0.025,74.25681783333332
2025-12-06,1,wk inc rsv hosp,2025-12-13,06,quantile,0.05,74.25681783333332
2025-12-06,1,wk inc rsv hosp,2025-12-13,06,quantile,0.1,74.25681783333332
2025-12-06,1,wk inc rsv hosp,2025-12-13,06,quantile,0.15,77.29088992109331
2025-12-06,1,wk inc rsv hosp,2025-12-13,06,quantile,0.2,84.84991434663331
2025-12-06,1,wk inc rsv hosp,2025-12-13,06,quantile,0.25,94.49616259889748
2025-12-06,1,wk inc rsv hosp,2025-12-13,06,quantile,0.3,98.18973868519998
2025-12-06,1,wk inc rsv hosp,2025-12-13,06,quantile,0.35,102.51024707393832
2025-12-06,1,wk inc rsv hosp,2025-12-13,06,quantile,0.4,105.08952181377
2025-12-06,1,wk inc rsv hosp,2025-12-13,06,quantile,0.45,107.49971949255831
2025-12-06,1,wk inc rsv hosp,2025-12-13,06,quantile,0.5,108.38749976666664
2025-12-06,1,wk inc rsv hosp,2025-12-13,06,quantile,0.55,108.95750717410831
2025-12-06,1,wk inc rsv hosp,2025-12-13,06,quantile,0.6,111.36770485289664
2025-12-06,1,wk inc rsv hosp,2025-12-13,06,quantile,0.65,113.9469795927283
2025-12-06,1,wk inc rsv hosp,2025-12-13,06,quantile,0.7,118.26748798146664
2025-12-06,1,wk inc rsv hosp,2025-12-13,06,quantile,0.75,121.96106406776914
2025-12-06,1,wk inc rsv hosp,2025-12-13,06,quantile,0.8,131.60731232003332
2025-12-06,1,wk inc rsv hosp,2025-12-13,06,quantile,0.85,139.16633674557332
2025-12-06,1,wk inc rsv hosp,2025-12-13,06,quantile,0.9,142.2004088333333
2025-12-06,1,wk inc rsv hosp,2025-12-13,06,quantile,0.95,142.2004088333333
2025-12-06,1,wk inc rsv hosp,2025-12-13,06,quantile,0.975,142.2004088333333
2025-12-06,1,wk inc rsv hosp,2025-12-13,06,quantile,0.99,142.2004088333333
2025-12-06,1,wk inc rsv hosp,2025-12-13,08,quantile,0.01,7.055264400000007
2025-12-06,1,wk inc rsv hosp,2025-12-13,08,quantile,0.025,7.055264400000007
2025-12-06,1,wk inc rsv hosp,2025-12-13,08,quantile,0.05,7.055264400000007
2025-12-06,1,wk inc rsv hosp,2025-12-13,08,quantile,0.1,7.599517135771431
2025-12-06,1,wk inc rsv hosp,2025-12-13,08,quantile,0.15,8.99515740724762
2025-12-06,1,wk inc rsv hosp,2025-12-13,08,quantile,0.2,9.390915890533332
2025-12-06,1,wk inc rsv hosp,2025-12-13,08,quantile,0.25,9.980122713333335
2025-12-06,1,wk inc rsv hosp,2025-12-13,08,quantile,0.3,11.224144509752389
2025-12-06,1,wk inc rsv hosp,2025-12-13,08,quantile,0.35,11.39047337411619
2025-12-06,1,wk inc rsv hosp,2025-12-13,08,quantile,0.4,12.461277610853331
2025-12-06,1,wk inc rsv hosp,2025-12-13,08,quantile,0.45,12.744316756190477
2025-12-06,1,wk inc rsv hosp,2025-12-13,08,quantile,0.5,14.045458798333332
2025-12-06,1,wk inc rsv hosp,2025-12-13,08,quantile,0.55,14.98223091047619
2025-12-06,1,wk inc rsv hosp,2025-12-13,08,quantile,0.6,15.265270055813334
2025-12-06,1,wk inc rsv hosp,2025-12-13,08,quantile,0.65,16.336074292550474
2025-12-06,1,wk inc rsv hosp,2025-12-13,08,quantile,0.7,16.502403156914276
2025-12-06,1,wk inc rsv hosp,2025-12-13,08,quantile,0.75,17.746424953333328
2025-12-06,1,wk inc rsv hosp,2025-12-13,08,quantile,0.8,18.335631776133333
2025-12-06,1,wk inc rsv hosp,2025-12-13,08,quantile,0.85,18.731390259419044
2025-12-06,1,wk inc rsv hosp,2025-12-13,08,quantile,0.9,20.127030530895237
2025-12-06,1,wk inc rsv hosp,2025-12-13,08,quantile,0.95,20.67128326666666
2025-12-06,1,wk inc rsv hosp,2025-12-13,08,quantile,0.975,20.67128326666666
2025-12-06,1,wk inc rsv hosp,2025-12-13,08,quantile,0.99,20.67128326666666
2025-12-06,1,wk inc rsv hosp,2025-12-13,09,quantile,0.01,16.31809243333333
2025-12-06,1,wk inc rsv hosp,2025-12-13,09,quantile,0.025,16.31809243333333
2025-12-06,1,wk inc rsv hosp,2025-12-13,09,quantile,0.05,16.31809243333333
2025-12-06,1,wk inc rsv hosp,2025-12-13,09,quantile,0.1,16.39939734317333
2025-12-06,1,wk inc rsv hosp,2025-12-13,09,quantile,0.15,16.497051609883332
2025-12-06,1,wk inc rsv hosp,2025-12-13,09,quantile,0.2,17.741146062266665
2025-12-06,1,wk inc rsv hosp,2025-12-13,09,quantile,0.25,18.303908745851665
2025-12-06,1,wk inc rsv hosp,2025-12-13,09,quantile,0.3,18.588223588892497
2025-12-06,1,wk inc rsv hosp,2025-12-13,09,quantile,0.35,19.06629976873491
2025-12-06,1,wk inc rsv hosp,2025-12-13,09,quantile,0.4,19.418837553126664
2025-12-06,1,wk inc rsv hosp,2025-12-13,09,quantile,0.45,19.5883650127975
2025-12-06,1,wk inc rsv hosp,2025-12-13,09,quantile,0.5,20.2167153995
2025-12-06,1,wk inc rsv hosp,2025-12-13,09,quantile,0.55,20.562432653869163
2025-12-06,1,wk inc rsv hosp,2025-12-13,09,quantile,0.6,20.73196011354
2025-12-06,1,wk inc rsv hosp,2025-12-13,09,quantile,0.65,21.08449789793175
2025-12-06,1,wk inc rsv hosp,2025-12-13,09,quantile,0.7,21.562574077774165
2025-12-06,1,wk inc rsv hosp,2025-12-13,09,quantile,0.75,21.846888920815
2025-12-06,1,wk inc rsv hosp,2025-12-13,09,quantile,0.8,22.4096516044
2025-12-06,1,wk inc rsv hosp,2025-12-13,09,quantile,0.85,23.65374605678333
2025-12-06,1,wk inc rsv hosp,2025-12-13,09,quantile,0.9,23.75140032349333
2025-12-06,1,wk inc rsv hosp,2025-12-13,09,quantile,0.95,23.83270523333333
2025-12-06,1,wk inc rsv hosp,2025-12-13,09,quantile,0.975,23.83270523333333
2025-12-06,1,wk inc rsv hosp,2025-12-13,09,quantile,0.99,23.83270523333333
2025-12-06,1,wk inc rsv hosp,2025-12-13,13,quantile,0.01,142.2407455
2025-12-06,1,wk inc rsv hosp,2025-12-13,13,quantile,0.025,142.2407455
2025-12-06,1,wk inc rsv hosp,2025-12-13,13,quantile,0.05,142.2407455
2025-12-06,1,wk inc rsv hosp,2025-12-13,13,quantile,0.1,168.69645487066668
2025-12-06,1,wk inc rsv hosp,2025-12-13,13,quantile,0.15,171.76644923866672
2025-12-06,1,wk inc rsv hosp,2025-12-13,13,quantile,0.2,174.0416661952917
2025-12-06,1,wk inc rsv hosp,2025-12-13,13,quantile,0.25,174.10721495041668
2025-12-06,1,wk inc rsv hosp,2025-12-13,13,quantile,0.3,180.8335488026001
2025-12-06,1,wk inc rsv hosp,2025-12-13,13,quantile,0.35,182.49136819321663
2025-12-06,1,wk inc rsv hosp,2025-12-13,13,quantile,0.4,186.32860080986669
2025-12-06,1,wk inc rsv hosp,2025-12-13,13,quantile,0.45,187.57189809499167
2025-12-06,1,wk inc rsv hosp,2025-12-13,13,quantile,0.5,189.37213193333332
2025-12-06,1,wk inc rsv hosp,2025-12-13,13,quantile,0.55,190.87291190500835
2025-12-06,1,wk inc rsv hosp,2025-12-13,13,quantile,0.6,192.11620919013333
2025-12-06,1,wk inc rsv hosp,2025-12-13,13,quantile,0.65,195.95344180678336
2025-12-06,1,wk inc rsv hosp,2025-12-13,13,quantile,0.7,197.61126119739995
2025-12-06,1,wk inc rsv hosp,2025-12-13,13,quantile,0.75,204.3375950495833
2025-12-06,1,wk inc rsv hosp,2025-12-13,13,quantile,0.8,204.40314380470832
2025-12-06,1,wk inc rsv hosp,2025-12-13,13,quantile,0.85,206.6783607613333
2025-12-06,1,wk inc rsv hosp,2025-12-13,13,quantile,0.9,209.74835512933333
2025-12-06,1,wk inc rsv hosp,2025-12-13,13,quantile,0.95,236.2040645
2025-12-06,1,wk inc rsv hosp,2025-12-13,13,quantile,0.975,236.2040645
2025-12-06,1,wk inc rsv hosp,2025-12-13,13,quantile,0.99,236.2040645
2025-12-06,1,wk inc rsv hosp,2025-12-13,24,quantile,0.01,32.106054883333336
2025-12-06,1,wk inc rsv hosp,2025-12-13,24,quantile,0.025,32.106054883333336
2025-12-06,1,wk inc rsv hosp,2025-12-13,24,quantile,0.05,32.106054883333336
2025-12-06,1,wk inc rsv hosp,2025-12-13,24,quantile,0.1,32.106054883333336
2025-12-06,1,wk inc rsv hosp,2025-12-13,24,quantile,0.15,32.106054883333336
2025-12-06,1,wk inc rsv hosp,2025-12-13,24,quantile,0.2,37.810293497311
2025-12-06,1,wk inc rsv hosp,2025-12-13,24,quantile,0.25,38.27775736974584
2025-12-06,1,wk inc rsv hosp,2025-12-13,24,quantile,0.3,40.65192068565417
2025-12-06,1,wk inc rsv hosp,2025-12-13,24,quantile,0.35,40.75258125427291
2025-12-06,1,wk inc rsv hosp,2025-12-13,24,quantile,0.4,42.25961717353969
2025-12-06,1,wk inc rsv hosp,2025-12-13,24,quantile,0.45,43.1630007859775
2025-12-06,1,wk inc rsv hosp,2025-12-13,24,quantile,0.5,43.7650195
2025-12-06,1,wk inc rsv hosp,2025-12-13,24,quantile,0.55,44.30948388068917
2025-12-06,1,wk inc rsv hosp,2025-12-13,24,quantile,0.6,45.212867493126986
2025-12-06,1,wk inc rsv hosp,2025-12-13,24,quantile,0.65,46.71990341239376
2025-12-06,1,wk inc rsv hosp,2025-12-13,24,quantile,0.7,46.820563981012505
2025-12-06,1,wk inc rsv hosp,2025-12-13,24,quantile,0.75,49.19472729692084
2025-12-06,1,wk inc rsv hosp,2025-12-13,24,quantile,0.8,49.66219116935567
2025-12-06,1,wk inc rsv hosp,2025-12-13,24,quantile,0.85,55.36642978333334
2025-12-06,1,wk inc rsv hosp,2025-12-13,24,quantile,0.9,55.36642978333334
2025-12-06,1,wk inc rsv hosp,2025-12-13,24,quantile,0.95,55.36642978333334
2025-12-06,1,wk inc rsv hosp,2025-12-13,24,quantile,0.975,55.36642978333334
2025-12-06,1,wk inc rsv hosp,2025-12-13,24,quantile,0.99,55.36642978333334
2025-12-06,1,wk inc rsv hosp,2025-12-13,26,quantile,0.01,9.226942266666669
2025-12-06,1,wk inc rsv hosp,2025-12-13,26,quantile,0.025,9.226942266666669
2025-12-06,1,wk inc rsv hosp,2025-12-13,26,quantile,0.05,9.622500712699996
2025-12-06,1,wk inc rsv hosp,2025-12-13,26,quantile,0.1,15.11162177063684
2025-12-06,1,wk inc rsv hosp,2025-12-13,26,quantile,0.15,16.528300985848333
2025-12-06,1,wk inc rsv hosp,2025-12-13,26,quantile,0.2,18.42330159772268
2025-12-06,1,wk inc rsv hosp,2025-12-13,26,quantile,0.25,20.23958354166667
2025-12-06,1,wk inc rsv hosp,2025-12-13,26,quantile,0.3,20.61718009199001
2025-12-06,1,wk inc rsv hosp,2025-12-13,26,quantile,0.35,21.975302273598334
2025-12-06,1,wk inc rsv hosp,2025-12-13,26,quantile,0.4,24.842114096113683
2025-12-06,1,wk inc rsv hosp,2025-12-13,26,quantile,0.45,26.049315808423337
2025-12-06,1,wk inc rsv hosp,2025-12-13,26,quantile,0.5,26.424893583333333
2025-12-06,1,wk inc rsv hosp,2025-12-13,26,quantile,0.55,26.52250752491
2025-12-06,1,wk inc rsv hosp,2025-12-13,26,quantile,0.6,27.72970923721965
2025-12-06,1,wk inc rsv hosp,2025-12-13,26,quantile,0.65,30.596521059735
2025-12-06,1,wk inc rsv hosp,2025-12-13,26,quantile,0.7,31.954643241343323
2025-12-06,1,wk inc rsv hosp,2025-12-13,26,quantile,0.75,32.332239791666666
2025-12-06,1,wk inc rsv hosp,2025-12-13,26,quantile,0.8,34.14852173561066
2025-12-06,1,wk inc rsv hosp,2025-12-13,26,quantile,0.85,36.043522347485
2025-12-06,1,wk inc rsv hosp,2025-12-13,26,quantile,0.9,37.4602015626965
2025-12-06,1,wk inc rsv hosp,2025-12-13,26,quantile,0.95,42.94932262063334
2025-12-06,1,wk inc rsv hosp,2025-12-13,26,quantile,0.975,43.344881066666666
2025-12-06,1,wk inc rsv hosp,2025-12-13,26,quantile,0.99,43.344881066666666
2025-12-06,1,wk inc rsv hosp,2025-12-13,27,quantile,0.01,22.13352727445
2025-12-06,1,wk inc rsv hosp,2025-12-13,27,quantile,0.025,22.13352727445
2025-12-06,1,wk inc rsv hosp,2025-12-13,27,quantile,0.05,22.13352727445
2025-12-06,1,wk inc rsv hosp,2025-12-13,27,quantile,0.1,22.13352727445
2025-12-06,1,wk inc rsv hosp,2025-12-13,27,quantile,0.15,22.13352727445
2025-12-06,1,wk inc rsv hosp,2025-12-13,27,quantile,0.2,22.333845108691023
2025-12-06,1,wk inc rsv hosp,2025-12-13,27,quantile,0.25,23.380707468958327
2025-12-06,1,wk inc rsv hosp,2025-12-13,27,quantile,0.3,24.49746907001333
2025-12-06,1,wk inc rsv hosp,2025-12-13,27,quantile,0.35,25.53889021707
2025-12-06,1,wk inc rsv hosp,2025-12-13,27,quantile,0.4,25.552847572965
2025-12-06,1,wk inc rsv hosp,2025-12-13,27,quantile,0.45,28.36736744894
2025-12-06,1,wk inc rsv hosp,2025-12-13,27,quantile,0.5,29.40967115
2025-12-06,1,wk inc rsv hosp,2025-12-13,27,quantile,0.55,30.43102555106
2025-12-06,1,wk inc rsv hosp,2025-12-13,27,quantile,0.6,33.245545427035
2025-12-06,1,wk inc rsv hosp,2025-12-13,27,quantile,0.65,33.25950278292999
2025-12-06,1,wk inc rsv hosp,2025-12-13,27,quantile,0.7,34.300923929986666
2025-12-06,1,wk inc rsv hosp,2025-12-13,27,quantile,0.75,35.41768553104167
2025-12-06,1,wk inc rsv hosp,2025-12-13,27,quantile,0.8,36.464547891308975
2025-12-06,1,wk inc rsv hosp,2025-12-13,27,quantile,0.85,36.66486572555
2025-12-06,1,wk inc rsv hosp,2025-12-13,27,quantile,0.9,36.66486572555
2025-12-06,1,wk inc rsv hosp,2025-12-13,27,quantile,0.95,36.66486572555
2025-12-06,1,wk inc rsv hosp,2025-12-13,27,quantile,0.975,36.66486572555
2025-12-06,1,wk inc rsv hosp,2025-12-13,27,quantile,0.99,36.66486572555
2025-12-06,1,wk inc rsv hosp,2025-12-13,35,quantile,0.01,0.0
2025-12-06,1,wk inc rsv hosp,2025-12-13,35,quantile,0.025,0.0
2025-12-06,1,wk inc rsv hosp,2025-12-13,35,quantile,0.05,0.0
2025-12-06,1,wk inc rsv hosp,2025-12-13,35,quantile,0.1,0.0
2025-12-06,1,wk inc rsv hosp,2025-12-13,35,quantile,0.15,2.1446402208213344
2025-12-06,1,wk inc rsv hosp,2025-12-13,35,quantile,0.2,2.4893584908666675
2025-12-06,1,wk inc rsv hosp,2025-12-13,35,quantile,0.25,2.717685645986319
2025-12-06,1,wk inc rsv hosp,2025-12-13,35,quantile,0.3,3.4839856731004453
2025-12-06,1,wk inc rsv hosp,2025-12-13,35,quantile,0.35,3.6078615473048914
2025-12-06,1,wk inc rsv hosp,2025-12-13,35,quantile,0.4,4.8401546013361845
2025-12-06,1,wk inc rsv hosp,2025-12-13,35,quantile,0.45,6.719019187583821
2025-12-06,1,wk inc rsv hosp,2025-12-13,35,quantile,0.5,7.762007011666668
2025-12-06,1,wk inc rsv hosp,2025-12-13,35,quantile,0.55,7.955404412416182
2025-12-06,1,wk inc rsv hosp,2025-12-13,35,quantile,0.6,9.834268998663818
2025-12-06,1,wk inc rsv hosp,2025-12-13,35,quantile,0.65,11.066562052695112
2025-12-06,1,wk inc rsv hosp,2025-12-13,35,quantile,0.7,11.190437926899556
2025-12-06,1,wk inc rsv hosp,2025-12-13,35,quantile,0.75,11.956737954013684
2025-12-06,1,wk inc rsv hosp,2025-12-13,35,quantile,0.8,12.185065109133337
2025-12-06,1,wk inc rsv hosp,2025-12-13,35,quantile,0.85,12.529783379178667
2025-12-06,1,wk inc rsv hosp,2025-12-13,35,quantile,0.9,14.778723202000002
2025-12-06,1,wk inc rsv hosp,2025-12-13,35,quantile,0.95,15.49050150984
2025-12-06,1,wk inc rsv hosp,2025-12-13,35,quantile,0.975,15.522508883333334
2025-12-06,1,wk inc rsv hosp,2025-12-13,35,quantile,0.99,15.522508883333334
2025-12-06,1,wk inc rsv hosp,2025-12-13,36,quantile,0.01,145.78809799999996
2025-12-06,1,wk inc rsv hosp,2025-12-13,36,quantile,0.025,145.78809799999996
2025-12-06,1,wk inc rsv hosp,2025-12-13,36,quantile,0.05,145.78809799999996
2025-12-06,1,wk inc rsv hosp,2025-12-13,36,quantile,0.1,145.78809799999996
2025-12-06,1,wk inc rsv hosp,2025-12-13,36,quantile,0.15,145.78809799999996
2025-12-06,1,wk inc rsv hosp,2025-12-13,36,quantile,0.2,145.78809799999996
2025-12-06,1,wk inc rsv hosp,2025-12-13,36,quantile,0.25,147.84036544482663
2025-12-06,1,wk inc rsv hosp,2025-12-13,36,quantile,0.3,170.50232413724063
2025-12-06,1,wk inc rsv hosp,2025-12-13,36,quantile,0.35,186.6496654946
2025-12-06,1,wk inc rsv hosp,2025-12-13,36,quantile,0.4,186.7968045202
2025-12-06,1,wk inc rsv hosp,2025-12-13,36,quantile,0.45,188.93574674460163
2025-12-06,1,wk inc rsv hosp,2025-12-13,36,quantile,0.5,192.3856158333333
2025-12-06,1,wk inc rsv hosp,2025-12-13,36,quantile,0.55,193.87948992206492
2025-12-06,1,wk inc rsv hosp,2025-12-13,36,quantile,0.6,196.0184321464666
2025-12-06,1,wk inc rsv hosp,2025-12-13,36,quantile,0.65,196.16557117206665
2025-12-06,1,wk inc rsv hosp,2025-12-13,36,quantile,0.7,212.31291252942597
2025-12-06,1,wk inc rsv hosp,2025-12-13,36,quantile,0.75,234.97487122183995
2025-12-06,1,wk inc rsv hosp,2025-12-13,36,quantile,0.8,237.02713866666664
2025-12-06,1,wk inc rsv hosp,2025-12-13,36,quantile,0.85,237.02713866666664
2025-12-06,1,wk inc rsv hosp,2025-12-13,36,quantile,0.9,237.02713866666664
2025-12-06,1,wk inc rsv hosp,2025-12-13,36,quantile,0.95,237.02713866666664
2025-12-06,1,wk inc rsv hosp,2025-12-13,36,quantile,0.975,237.02713866666664
2025-12-06,1,wk inc rsv hosp,2025-12-13,36,quantile,0.99,237.02713866666664
2025-12-06,1,wk inc rsv hosp,2025-12-13,41,quantile,0.01,0.0
2025-12-06,1,wk inc rsv hosp,2025-12-13,41,quantile,0.025,0.0
2025-12-06,1,wk inc rsv hosp,2025-12-13,41,quantile,0.05,0.0
2025-12-06,1,wk inc rsv hosp,2025-12-13,41,quantile,0.1,1.2965988839217788
2025-12-06,1,wk inc rsv hosp,2025-12-13,41,quantile,0.15,1.5927269745653332
2025-12-06,1,wk inc rsv hosp,2025-12-13,41,quantile,0.2,1.666083251983999
2025-12-06,1,wk inc rsv hosp,2025-12-13,41,quantile,0.25,2.0235887524
2025-12-06,1,wk inc rsv hosp,2025-12-13,41,quantile,0.3,2.1831068556746662
2025-12-06,1,wk inc rsv hosp,2025-12-13,41,quantile,0.35,2.632465887128886
2025-12-06,1,wk inc rsv hosp,2025-12-13,41,quantile,0.4,2.6910075204105777
2025-12-06,1,wk inc rsv hosp,2025-12-13,41,quantile,0.45,3.621771071509338
2025-12-06,1,wk inc rsv hosp,2025-12-13,41,quantile,0.5,4.8632028
2025-12-06,1,wk inc rsv hosp,2025-12-13,41,quantile,0.55,5.303151395157329
2025-12-06,1,wk inc rsv hosp,2025-12-13,41,quantile,0.6,6.233914946256089
2025-12-06,1,wk inc rsv hosp,2025-12-13,41,quantile,0.65,6.29245657953778
2025-12-06,1,wk inc rsv hosp,2025-12-13,41,quantile,0.7,6.741815610992001
2025-12-06,1,wk inc rsv hosp,2025-12-13,41,quantile,0.75,6.901333714266666
2025-12-06,1,wk inc rsv hosp,2025-12-13,41,quantile,0.8,7.258839214682668
2025-12-06,1,wk inc rsv hosp,2025-12-13,41,quantile,0.85,7.332195492101333
2025-12-06,1,wk inc rsv hosp,2025-12-13,41,quantile,0.9,7.628323582744888
2025-12-06,1,wk inc rsv hosp,2025-12-13,41,quantile,0.95,10.037598946666666
2025-12-06,1,wk inc rsv hosp,2025-12-13,41,quantile,0.975,10.037598946666666
2025-12-06,1,wk inc rsv hosp,2025-12-13,41,quantile,0.99,10.037598946666666
2025-12-06,1,wk inc rsv hosp,2025-12-13,47,quantile,0.01,29.698178376666664
2025-12-06,1,wk inc rsv hosp,2025-12-13,47,quantile,0.025,29.698178376666664
2025-12-06,1,wk inc rsv hosp,2025-12-13,47,quantile,0.05,29.698178376666664
2025-12-06,1,wk inc rsv hosp,2025-12-13,47,quantile,0.1,30.516935282265063
2025-12-06,1,wk inc rsv hosp,2025-12-13,47,quantile,0.15,32.535275720786494
2025-12-06,1,wk inc rsv hosp,2025-12-13,47,quantile,0.2,32.638170995314006
2025-12-06,1,wk inc rsv hosp,2025-12-13,47,quantile,0.25,35.16449343186025
2025-12-06,1,wk inc rsv hosp,2025-12-13,47,quantile,0.3,35.454950522211746
2025-12-06,1,wk inc rsv hosp,2025-12-13,47,quantile,0.35,36.110039526497005
2025-12-06,1,wk inc rsv hosp,2025-12-13,47,quantile,0.4,37.995125394406
2025-12-06,1,wk inc rsv hosp,2025-12-13,47,quantile,0.45,38.08264375964284
2025-12-06,1,wk inc rsv hosp,2025-12-13,47,quantile,0.5,38.866260985
2025-12-06,1,wk inc rsv hosp,2025-12-13,47,quantile,0.55,38.90224990702383
2025-12-06,1,wk inc rsv hosp,2025-12-13,47,quantile,0.6,38.98976827226067
2025-12-06,1,wk inc rsv hosp,2025-12-13,47,quantile,0.65,40.87485414016966
2025-12-06,1,wk inc rsv hosp,2025-12-13,47,quantile,0.7,41.52994314445492
2025-12-06,1,wk inc rsv hosp,2025-12-13,47,quantile,0.75,41.820400234806414
2025-12-06,1,wk inc rsv hosp,2025-12-13,47,quantile,0.8,44.34672267135266
2025-12-06,1,wk inc rsv hosp,2025-12-13,47,quantile,0.85,44.44961794588017
2025-12-06,1,wk inc rsv hosp,2025-12-13,47,quantile,0.9,46.4679583844016
2025-12-06,1,wk inc rsv hosp,2025-12-13,47,quantile,0.95,47.28671529
2025-12-06,1,wk inc rsv hosp,2025-12-13,47,quantile,0.975,47.28671529
2025-12-06,1,wk inc rsv hosp,2025-12-13,47,quantile,0.99,47.28671529
2025-12-06,1,wk inc rsv hosp,2025-12-13,49,quantile,0.01,0.0
2025-12-06,1,wk inc rsv hosp,2025-12-13,49,quantile,0.025,0.0
2025-12-06,1,wk inc rsv hosp,2025-12-13,49,quantile,0.05,0.0
2025-12-06,1,wk inc rsv hosp,2025-12-13,49,quantile,0.1,0.0
2025-12-06,1,wk inc rsv hosp,2025-12-13,49,quantile,0.15,0.0
2025-12-06,1,wk inc rsv hosp,2025-12-13,49,quantile,0.2,1.9792891456384964
2025-12-06,1,wk inc rsv hosp,2025-12-13,49,quantile,0.25,3.616042889766666
2025-12-06,1,wk inc rsv hosp,2025-12-13,49,quantile,0.3,3.697849946014992
2025-12-06,1,wk inc rsv hosp,2025-12-13,49,quantile,0.35,4.678394265687503
2025-12-06,1,wk inc rsv hosp,2025-12-13,49,quantile,0.4,5.432670160634333
2025-12-06,1,wk inc rsv hosp,2025-12-13,49,quantile,0.45,5.98863222358883
2025-12-06,1,wk inc rsv hosp,2025-12-13,49,quantile,0.5,14.088009956666667
2025-12-06,1,wk inc rsv hosp,2025-12-13,49,quantile,0.55,14.5210885097445
2025-12-06,1,wk inc rsv hosp,2025-12-13,49,quantile,0.6,15.077050572698996
2025-12-06,1,wk inc rsv hosp,2025-12-13,49,quantile,0.65,15.831326467645829
2025-12-06,1,wk inc rsv hosp,2025-12-13,49,quantile,0.7,16.81187078731834
2025-12-06,1,wk inc rsv hosp,2025-12-13,49,quantile,0.75,16.893677843566664
2025-12-06,1,wk inc rsv hosp,2025-12-13,49,quantile,0.8,18.530431587694835
2025-12-06,1,wk inc rsv hosp,2025-12-13,49,quantile,0.85,20.53136890643333
2025-12-06,1,wk inc rsv hosp,2025-12-13,49,quantile,0.9,20.71941410468333
2025-12-06,1,wk inc rsv hosp,2025-12-13,49,quantile,0.95,21.046101710519167
2025-12-06,1,wk inc rsv hosp,2025-12-13,49,quantile,0.975,21.164922766666663
2025-12-06,1,wk inc rsv hosp,2025-12-13,49,quantile,0.99,21.164922766666663
2025-12-06,1,wk inc rsv hosp,2025-12-13,US,quantile,0.01,1894.534301666667
2025-12-06,1,wk inc rsv hosp,2025-12-13,US,quantile,0.025,1894.534301666667
2025-12-06,1,wk inc rsv hosp,2025-12-13,US,quantile,0.05,1894.534301666667
2025-12-06,1,wk inc rsv hosp,2025-12-13,US,quantile,0.1,1894.534301666667
2025-12-06,1,wk inc rsv hosp,2025-12-13,US,quantile,0.15,1894.534301666667
2025-12-06,1,wk inc rsv hosp,2025-12-13,US,quantile,0.2,1894.534301666667
2025-12-06,1,wk inc rsv hosp,2025-12-13,US,quantile,0.25,1906.8990127783336
2025-12-06,1,wk inc rsv hosp,2025-12-13,US,quantile,0.3,1934.0596984225003
2025-12-06,1,wk inc rsv hosp,2025-12-13,US,quantile,0.35,1978.933874704167
2025-12-06,1,wk inc rsv hosp,2025-12-13,US,quantile,0.4,2376.6269809105
2025-12-06,1,wk inc rsv hosp,2025-12-13,US,quantile,0.45,2410.2841205757336
2025-12-06,1,wk inc rsv hosp,2025-12-13,US,quantile,0.5,2462.8863743333336
2025-12-06,1,wk inc rsv hosp,2025-12-13,US,quantile,0.55,2504.8691460909336
2025-12-06,1,wk inc rsv hosp,2025-12-13,US,quantile,0.6,2538.526285756167
2025-12-06,1,wk inc rsv hosp,2025-12-13,US,quantile,0.65,2936.2193919625
2025-12-06,1,wk inc rsv hosp,2025-12-13,US,quantile,0.7,2981.093568244167
2025-12-06,1,wk inc rsv hosp,2025-12-13,US,quantile,0.75,3008.2542538883336
2025-12-06,1,wk inc rsv hosp,2025-12-13,US,quantile,0.8,3020.618965
2025-12-06,1,wk inc rsv hosp,2025-12-13,US,quantile,0.85,3020.618965
2025-12-06,1,wk inc rsv hosp,2025-12-13,US,quantile,0.9,3020.618965
2025-12-06,1,wk inc rsv hosp,2025-12-13,US,quantile,0.95,3020.618965
2025-12-06,1,wk inc rsv hosp,2025-12-13,US,quantile,0.975,3020.618965
2025-12-06,1,wk inc rsv hosp,2025-12-13,US,quantile,0.99,3020.618965
2025-12-06,2,wk inc rsv hosp,2025-12-20,06,quantile,0.01,95.23025526666666
2025-12-06,2,wk inc rsv hosp,2025-12-20,06,quantile,0.025,95.23025526666666
2025-12-06,2,wk inc rsv hosp,2025-12-20,06,quantile,0.05,95.23025526666666
2025-12-06,2,wk inc rsv hosp,2025-12-20,06,quantile,0.1,95.23025526666666
2025-12-06,2,wk inc rsv hosp,2025-12-20,06,quantile,0.15,95.23025526666666
2025-12-06,2,wk inc rsv hosp,2025-12-20,06,quantile,0.2,96.29848940838092
2025-12-06,2,wk inc rsv hosp,2025-12-20,06,quantile,0.25,112.93353889399998
2025-12-06,2,wk inc rsv hosp,2025-12-20,06,quantile,0.3,119.94263317733332
2025-12-06,2,wk inc rsv hosp,2025-12-20,06,quantile,0.35,122.58014787190476
2025-12-06,2,wk inc rsv hosp,2025-12-20,06,quantile,0.4,123.68304691580953
2025-12-06,2,wk inc rsv hosp,2025-12-20,06,quantile,0.45,126.47361963019048
2025-12-06,2,wk inc rsv hosp,2025-12-20,06,quantile,0.5,130.4582088
2025-12-06,2,wk inc rsv hosp,2025-12-20,06,quantile,0.55,132.22644336980954
2025-12-06,2,wk inc rsv hosp,2025-12-20,06,quantile,0.6,135.0170160841905
2025-12-06,2,wk inc rsv hosp,2025-12-20,06,quantile,0.65,136.11991512809524
2025-12-06,2,wk inc rsv hosp,2025-12-20,06,quantile,0.7,138.7574298226667
2025-12-06,2,wk inc rsv hosp,2025-12-20,06,quantile,0.75,145.76652410600002
2025-12-06,2,wk inc rsv hosp,2025-12-20,06,quantile,0.8,162.40157359161907
2025-12-06,2,wk inc rsv hosp,2025-12-20,06,quantile,0.85,163.46980773333334
2025-12-06,2,wk inc rsv hosp,2025-12-20,06,quantile,0.9,163.46980773333334
2025-12-06,2,wk inc rsv hosp,2025-12-20,06,quantile,0.95,163.46980773333334
2025-12-06,2,wk inc rsv hosp,2025-12-20,06,quantile,0.975,163.46980773333334
2025-12-06,2,wk inc rsv hosp,2025-12-20,06,quantile,0.99,163.46980773333334
2025-12-06,2,wk inc rsv hosp,2025-12-20,08,quantile,0.01,11.392875633333333
2025-12-06,2,wk inc rsv hosp,2025-12-20,08,quantile,0.025,11.392875633333333
2025-12-06,2,wk inc rsv hosp,2025-12-20,08,quantile,0.05,11.401416523718977
2025-12-06,2,wk inc rsv hosp,2025-12-20,08,quantile,0.1,11.494209879616411
2025-12-06,2,wk inc rsv hosp,2025-12-20,08,quantile,0.15,11.81184134650277
2025-12-06,2,wk inc rsv hosp,2025-12-20,08,quantile,0.2,11.889755081139182
2025-12-06,2,wk inc rsv hosp,2025-12-20,08,quantile,0.25,12.787719830443898
2025-12-06,2,wk inc rsv hosp,2025-12-20,08,quantile,0.3,13.278273493910568
2025-12-06,2,wk inc rsv hosp,2025-12-20,08,quantile,0.35,13.796307134200418
2025-12-06,2,wk inc rsv hosp,2025-12-20,08,quantile,0.4,15.30480379304268
2025-12-06,2,wk inc rsv hosp,2025-12-20,08,quantile,0.45,15.716946810688
2025-12-06,2,wk inc rsv hosp,2025-12-20,08,quantile,0.5,16.934994171666666
2025-12-06,2,wk inc rsv hosp,2025-12-20,08,quantile,0.55,17.347137189312
2025-12-06,2,wk inc rsv hosp,2025-12-20,08,quantile,0.6,17.75928020695732
2025-12-06,2,wk inc rsv hosp,2025-12-20,08,quantile,0.65,19.267776865799583
2025-12-06,2,wk inc rsv hosp,2025-12-20,08,quantile,0.7,19.785810506089437
2025-12-06,2,wk inc rsv hosp,2025-12-20,08,quantile,0.75,20.276364169556103
2025-12-06,2,wk inc rsv hosp,2025-12-20,08,quantile,0.8,21.17432891886082
2025-12-06,2,wk inc rsv hosp,2025-12-20,08,quantile,0.85,21.25224265349723
2025-12-06,2,wk inc rsv hosp,2025-12-20,08,quantile,0.9,21.569874120383588
2025-12-06,2,wk inc rsv hosp,2025-12-20,08,quantile,0.95,21.662667476281023
2025-12-06,2,wk inc rsv hosp,2025-12-20,08,quantile,0.975,21.67120836666667
2025-12-06,2,wk inc rsv hosp,2025-12-20,08,quantile,0.99,21.67120836666667
2025-12-06,2,wk inc rsv hosp,2025-12-20,09,quantile,0.01,22.96137452
2025-12-06,2,wk inc rsv hosp,2025-12-20,09,quantile,0.025,22.96137452
2025-12-06,2,wk inc rsv hosp,2025-12-20,09,quantile,0.05,22.96137452
2025-12-06,2,wk inc rsv hosp,2025-12-20,09,quantile,0.1,23.003864565485717
2025-12-06,2,wk inc rsv hosp,2025-12-20,09,quantile,0.15,23.657534952380956
2025-12-06,2,wk inc rsv hosp,2025-12-20,09,quantile,0.2,23.72685813252381
2025-12-06,2,wk inc rsv hosp,2025-12-20,09,quantile,0.25,24.394793183285717
2025-12-06,2,wk inc rsv hosp,2025-12-20,09,quantile,0.3,25.08861687996667
2025-12-06,2,wk inc rsv hosp,2025-12-20,09,quantile,0.35,25.21954658029524
2025-12-06,2,wk inc rsv hosp,2025-12-20,09,quantile,0.4,25.44630246691429
2025-12-06,2,wk inc rsv hosp,2025-12-20,09,quantile,0.45,25.62582195133572
2025-12-06,2,wk inc rsv hosp,2025-12-20,09,quantile,0.5,26.321294715
2025-12-06,2,wk inc rsv hosp,2025-12-20,09,quantile,0.55,26.970649048664285
2025-12-06,2,wk inc rsv hosp,2025-12-20,09,quantile,0.6,27.15016853308571
2025-12-06,2,wk inc rsv hosp,2025-12-20,09,quantile,0.65,27.376924419704764
2025-12-06,2,wk inc rsv hosp,2025-12-20,09,quantile,0.7,27.507854120033333
2025-12-06,2,wk inc rsv hosp,2025-12-20,09,quantile,0.75,28.201677816714287
2025-12-06,2,wk inc rsv hosp,2025-12-20,09,quantile,0.8,28.86961286747619
2025-12-06,2,wk inc rsv hosp,2025-12-20,09,quantile,0.85,28.93893604761905
2025-12-06,2,wk inc rsv hosp,2025-12-20,09,quantile,0.9,29.592606434514288
2025-12-06,2,wk inc rsv hosp,2025-12-20,09,quantile,0.95,29.63509648
2025-12-06,2,wk inc rsv hosp,2025-12-20,09,quantile,0.975,29.63509648
2025-12-06,2,wk inc rsv hosp,2025-12-20,09,quantile,0.99,29.63509648
2025-12-06,2,wk inc rsv hosp,2025-12-20,13,quantile,0.01,174.13021350000002
2025-12-06,2,wk inc rsv hosp,2025-12-20,13,quantile,0.025,174.13021350000002
2025-12-06,2,wk inc rsv hosp,2025-12-20,13,quantile,0.05,174.13021350000002
2025-12-06,2,wk inc rsv hosp,2025-12-20,13,quantile,0.1,174.13021350000002
2025-12-06,2,wk inc rsv hosp,2025-12-20,13,quantile,0.15,174.13021350000002
2025-12-06,2,wk inc rsv hosp,2025-12-20,13,quantile,0.2,174.13021350000002
2025-12-06,2,wk inc rsv hosp,2025-12-20,13,quantile,0.25,187.9658617771429
2025-12-06,2,wk inc rsv hosp,2025-12-20,13,quantile,0.3,189.6678275628572
2025-12-06,2,wk inc rsv hosp,2025-12-20,13,quantile,0.35,195.64186194
2025-12-06,2,wk inc rsv hosp,2025-12-20,13,quantile,0.4,198.8881941471905
2025-12-06,2,wk inc rsv hosp,2025-12-20,13,quantile,0.45,202.33702490219048
2025-12-06,2,wk inc rsv hosp,2025-12-20,13,quantile,0.5,204.56223266666672
2025-12-06,2,wk inc rsv hosp,2025-12-20,13,quantile,0.55,205.73683509780955
2025-12-06,2,wk inc rsv hosp,2025-12-20,13,quantile,0.6,209.1856658528096
2025-12-06,2,wk inc rsv hosp,2025-12-20,13,quantile,0.65,212.43199806
2025-12-06,2,wk inc rsv hosp,2025-12-20,13,quantile,0.7,218.40603243714287
2025-12-06,2,wk inc rsv hosp,2025-12-20,13,quantile,0.75,220.1079982228572
2025-12-06,2,wk inc rsv hosp,2025-12-20,13,quantile,0.8,233.9436465
2025-12-06,2,wk inc rsv hosp,2025-12-20,13,quantile,0.85,233.9436465
2025-12-06,2,wk inc rsv hosp,2025-12-20,13,quantile,0.9,233.9436465
2025-12-06,2,wk inc rsv hosp,2025-12-20,13,quantile,0.95,233.9436465
2025-12-06,2,wk inc rsv hosp,2025-12-20,13,quantile,0.975,233.9436465
2025-12-06,2,wk inc rsv hosp,2025-12-20,13,quantile,0.99,233.9436465
2025-12-06,2,wk inc rsv hosp,2025-12-20,24,quantile,0.01,36.92932983333333
2025-12-06,2,wk inc rsv hosp,2025-12-20,24,quantile,0.025,36.92932983333333
2025-12-06,2,wk inc rsv hosp,2025-12-20,24,quantile,0.05,36.92932983333333
2025-12-06,2,wk inc rsv hosp,2025-12-20,24,quantile,0.1,36.92932983333333
2025-12-06,2,wk inc rsv hosp,2025-12-20,24,quantile,0.15,36.92932983333333
2025-12-06,2,wk inc rsv hosp,2025-12-20,24,quantile,0.2,44.57176639619665
2025-12-06,2,wk inc rsv hosp,2025-12-20,24,quantile,0.25,45.39060829642381
2025-12-06,2,wk inc rsv hosp,2025-12-20,24,quantile,0.3,46.136051803647625
2025-12-06,2,wk inc rsv hosp,2025-12-20,24,quantile,0.35,48.59960347695046
2025-12-06,2,wk inc rsv hosp,2025-12-20,24,quantile,0.4,49.38940960019048
2025-12-06,2,wk inc rsv hosp,2025-12-20,24,quantile,0.45,49.63785423304762
2025-12-06,2,wk inc rsv hosp,2025-12-20,24,quantile,0.5,51.656650471666666
2025-12-06,2,wk inc rsv hosp,2025-12-20,24,quantile,0.55,52.14443043361905
2025-12-06,2,wk inc rsv hosp,2025-12-20,24,quantile,0.6,52.39287506647619
2025-12-06,2,wk inc rsv hosp,2025-12-20,24,quantile,0.65,53.182681189716206
2025-12-06,2,wk inc rsv hosp,2025-12-20,24,quantile,0.7,55.64623286301904
2025-12-06,2,wk inc rsv hosp,2025-12-20,24,quantile,0.75,56.391676370242855
2025-12-06,2,wk inc rsv hosp,2025-12-20,24,quantile,0.8,57.21051827047002
2025-12-06,2,wk inc rsv hosp,2025-12-20,24,quantile,0.85,64.85295483333334
2025-12-06,2,wk inc rsv hosp,2025-12-20,24,quantile,0.9,64.85295483333334
2025-12-06,2,wk inc rsv hosp,2025-12-20,24,quantile,0.95,64.85295483333334
2025-12-06,2,wk inc rsv hosp,2025-12-20,24,quantile,0.975,64.85295483333334
2025-12-06,2,wk inc rsv hosp,2025-12-20,24,quantile,0.99,64.85295483333334
2025-12-06,2,wk inc rsv hosp,2025-12-20,26,quantile,0.01,10.601795416666668
2025-12-06,2,wk inc rsv hosp,2025-12-20,26,quantile,0.025,10.601795416666668
2025-12-06,2,wk inc rsv hosp,2025-12-20,26,quantile,0.05,10.601795416666668
2025-12-06,2,wk inc rsv hosp,2025-12-20,26,quantile,0.1,15.694646398333337
2025-12-06,2,wk inc rsv hosp,2025-12-20,26,quantile,0.15,17.21913237720239
2025-12-06,2,wk inc rsv hosp,2025-12-20,26,quantile,0.2,21.86139954761905
2025-12-06,2,wk inc rsv hosp,2025-12-20,26,quantile,0.25,23.58956499190477
2025-12-06,2,wk inc rsv hosp,2025-12-20,26,quantile,0.3,24.77061394704762
2025-12-06,2,wk inc rsv hosp,2025-12-20,26,quantile,0.35,26.39826601144764
2025-12-06,2,wk inc rsv hosp,2025-12-20,26,quantile,0.4,28.108977612061903
2025-12-06,2,wk inc rsv hosp,2025-12-20,26,quantile,0.45,28.605233052361893
2025-12-06,2,wk inc rsv hosp,2025-12-20,26,quantile,0.5,31.51393155666667
2025-12-06,2,wk inc rsv hosp,2025-12-20,26,quantile,0.55,33.309914447638114
2025-12-06,2,wk inc rsv hosp,2025-12-20,26,quantile,0.6,33.8061698879381
2025-12-06,2,wk inc rsv hosp,2025-12-20,26,quantile,0.65,35.516881488552364
2025-12-06,2,wk inc rsv hosp,2025-12-20,26,quantile,0.7,37.14453355295238
2025-12-06,2,wk inc rsv hosp,2025-12-20,26,quantile,0.75,38.32558250809524
2025-12-06,2,wk inc rsv hosp,2025-12-20,26,quantile,0.8,40.05374795238095
2025-12-06,2,wk inc rsv hosp,2025-12-20,26,quantile,0.85,44.69601512279762
2025-12-06,2,wk inc rsv hosp,2025-12-20,26,quantile,0.9,46.22050110166667
2025-12-06,2,wk inc rsv hosp,2025-12-20,26,quantile,0.95,51.313352083333335
2025-12-06,2,wk inc rsv hosp,2025-12-20,26,quantile,0.975,51.313352083333335
2025-12-06,2,wk inc rsv hosp,2025-12-20,26,quantile,0.99,51.313352083333335
2025-12-06,2,wk inc rsv hosp,2025-12-20,27,quantile,0.01,26.63048838333334
2025-12-06,2,wk inc rsv hosp,2025-12-20,27,quantile,0.025,26.63048838333334
2025-12-06,2,wk inc rsv hosp,2025-12-20,27,quantile,0.05,26.63048838333334
2025-12-06,2,wk inc rsv hosp,2025-12-20,27,quantile,0.1,26.63048838333334
2025-12-06,2,wk inc rsv hosp,2025-12-20,27,quantile,0.15,26.63048838333334
2025-12-06,2,wk inc rsv hosp,2025-12-20,27,quantile,0.2,26.63048838333334
2025-12-06,2,wk inc rsv hosp,2025-12-20,27,quantile,0.25,31.79760169933333
2025-12-06,2,wk inc rsv hosp,2025-12-20,27,quantile,0.3,32.77326775161905
2025-12-06,2,wk inc rsv hosp,2025-12-20,27,quantile,0.35,34.18767329488096
2025-12-06,2,wk inc rsv hosp,2025-12-20,27,quantile,0.4,34.417660970380965
2025-12-06,2,wk inc rsv hosp,2025-12-20,27,quantile,0.45,34.88626333209524
2025-12-06,2,wk inc rsv hosp,2025-12-20,27,quantile,0.5,35.924733333333336
2025-12-06,2,wk inc rsv hosp,2025-12-20,27,quantile,0.55,36.685581001238106
2025-12-06,2,wk inc rsv hosp,2025-12-20,27,quantile,0.6,37.15418336295238
2025-12-06,2,wk inc rsv hosp,2025-12-20,27,quantile,0.65,37.38417103845239
2025-12-06,2,wk inc rsv hosp,2025-12-20,27,quantile,0.7,38.79857658171429
2025-12-06,2,wk inc rsv hosp,2025-12-20,27,quantile,0.75,39.77424263400001
2025-12-06,2,wk inc rsv hosp,2025-12-20,27,quantile,0.8,44.94135595
2025-12-06,2,wk inc rsv hosp,2025-12-20,27,quantile,0.85,44.94135595
2025-12-06,2,wk inc rsv hosp,2025-12-20,27,quantile,0.9,44.94135595
2025-12-06,2,wk inc rsv hosp,2025-12-20,27,quantile,0.95,44.94135595
2025-12-06,2,wk inc rsv hosp,2025-12-20,27,quantile,0.975,44.94135595
2025-12-06,2,wk inc rsv hosp,2025-12-20,27,quantile,0.99,44.94135595
2025-12-06,2,wk inc rsv hosp,2025-12-20,35,quantile,0.01,3.889088183333331
2025-12-06,2,wk inc rsv hosp,2025-12-20,35,quantile,0.025,3.889088183333331
2025-12-06,2,wk inc rsv hosp,2025-12-20,35,quantile,0.05,3.889088183333331
2025-12-06,2,wk inc rsv hosp,2025-12-20,35,quantile,0.1,3.999902890153848
2025-12-06,2,wk inc rsv hosp,2025-12-20,35,quantile,0.15,4.020191014025644
2025-12-06,2,wk inc rsv hosp,2025-12-20,35,quantile,0.2,5.109431692346665
2025-12-06,2,wk inc rsv hosp,2025-12-20,35,quantile,0.25,5.264256062051281
2025-12-06,2,wk inc rsv hosp,2025-12-20,35,quantile,0.3,5.333247457005126
2025-12-06,2,wk inc rsv hosp,2025-12-20,35,quantile,0.35,5.408194982048203
2025-12-06,2,wk inc rsv hosp,2025-12-20,35,quantile,0.4,5.840805633490253
2025-12-06,2,wk inc rsv hosp,2025-12-20,35,quantile,0.45,9.16573838333333
2025-12-06,2,wk inc rsv hosp,2025-12-20,35,quantile,0.5,13.152840783333332
2025-12-06,2,wk inc rsv hosp,2025-12-20,35,quantile,0.55,13.152840783333332
2025-12-06,2,wk inc rsv hosp,2025-12-20,35,quantile,0.6,16.47777353317641
2025-12-06,2,wk inc rsv hosp,2025-12-20,35,quantile,0.65,16.910384184618458
2025-12-06,2,wk inc rsv hosp,2025-12-20,35,quantile,0.7,16.985331709661537
2025-12-06,2,wk inc rsv hosp,2025-12-20,35,quantile,0.75,17.05432310461538
2025-12-06,2,wk inc rsv hosp,2025-12-20,35,quantile,0.8,17.209147474319998
2025-12-06,2,wk inc rsv hosp,2025-12-20,35,quantile,0.85,18.298388152641017
2025-12-06,2,wk inc rsv hosp,2025-12-20,35,quantile,0.9,18.31867627651281
2025-12-06,2,wk inc rsv hosp,2025-12-20,35,quantile,0.95,18.42949098333333
2025-12-06,2,wk inc rsv hosp,2025-12-20,35,quantile,0.975,18.42949098333333
2025-12-06,2,wk inc rsv hosp,2025-12-20,35,quantile,0.99,18.42949098333333
2025-12-06,2,wk inc rsv hosp,2025-12-20,36,quantile,0.01,180.90567102000003
2025-12-06,2,wk inc rsv hosp,2025-12-20,36,quantile,0.025,180.90567102000003
2025-12-06,2,wk inc rsv hosp,2025-12-20,36,quantile,0.05,180.90567102000003
2025-12-06,2,wk inc rsv hosp,2025-12-20,36,quantile,0.1,180.90567102000003
2025-12-06,2,wk inc rsv hosp,2025-12-20,36,quantile,0.15,180.90567102000003
2025-12-06,2,wk inc rsv hosp,2025-12-20,36,quantile,0.2,180.90567102000003
2025-12-06,2,wk inc rsv hosp,2025-12-20,36,quantile,0.25,180.90567102000003
2025-12-06,2,wk inc rsv hosp,2025-12-20,36,quantile,0.3,180.90567102000003
2025-12-06,2,wk inc rsv hosp,2025-12-20,36,quantile,0.35,201.01069591828573
2025-12-06,2,wk inc rsv hosp,2025-12-20,36,quantile,0.4,209.731128894381
2025-12-06,2,wk inc rsv hosp,2025-12-20,36,quantile,0.45,212.6491171364
2025-12-06,2,wk inc rsv hosp,2025-12-20,36,quantile,0.5,215.65580683333337
2025-12-06,2,wk inc rsv hosp,2025-12-20,36,quantile,0.55,216.5378895302667
2025-12-06,2,wk inc rsv hosp,2025-12-20,36,quantile,0.6,219.45587777228573
2025-12-06,2,wk inc rsv hosp,2025-12-20,36,quantile,0.65,228.17631074838096
2025-12-06,2,wk inc rsv hosp,2025-12-20,36,quantile,0.7,248.2813356466667
2025-12-06,2,wk inc rsv hosp,2025-12-20,36,quantile,0.75,248.2813356466667
2025-12-06,2,wk inc rsv hosp,2025-12-20,36,quantile,0.8,248.2813356466667
2025-12-06,2,wk inc rsv hosp,2025-12-20,36,quantile,0.85,248.2813356466667
2025-12-06,2,wk inc rsv hosp,2025-12-20,36,quantile,0.9,248.2813356466667
2025-12-06,2,wk inc rsv hosp,2025-12-20,36,quantile,0.95,248.2813356466667
2025-12-06,2,wk inc rsv hosp,2025-12-20,36,quantile,0.975,248.2813356466667
2025-12-06,2,wk inc rsv hosp,2025-12-20,36,quantile,0.99,248.2813356466667
2025-12-06,2,wk inc rsv hosp,2025-12-20,41,quantile,0.01,0.5551279833333345
2025-12-06,2,wk inc rsv hosp,2025-12-20,41,quantile,0.025,0.5551279833333345
2025-12-06,2,wk inc rsv hosp,2025-12-20,41,quantile,0.05,0.5551279833333345
2025-12-06,2,wk inc rsv hosp,2025-12-20,41,quantile,0.1,0.6093231323548718
2025-12-06,2,wk inc rsv hosp,2025-12-20,41,quantile,0.15,0.9886891755056428
2025-12-06,2,wk inc rsv hosp,2025-12-20,41,quantile,0.2,1.6153657338539502
2025-12-06,2,wk inc rsv hosp,2025-12-20,41,quantile,0.25,2.548670995472082
2025-12-06,2,wk inc rsv hosp,2025-12-20,41,quantile,0.3,2.599027075002052
2025-12-06,2,wk inc rsv hosp,2025-12-20,41,quantile,0.35,2.804664582440206
2025-12-06,2,wk inc rsv hosp,2025-12-20,41,quantile,0.4,3.4944962408480005
2025-12-06,2,wk inc rsv hosp,2025-12-20,41,quantile,0.45,3.5844367953766154
2025-12-06,2,wk inc rsv hosp,2025-12-20,41,quantile,0.5,5.783789883333333
2025-12-06,2,wk inc rsv hosp,2025-12-20,41,quantile,0.55,6.810527104623385
2025-12-06,2,wk inc rsv hosp,2025-12-20,41,quantile,0.6,6.900467659152
2025-12-06,2,wk inc rsv hosp,2025-12-20,41,quantile,0.65,7.590299317559794
2025-12-06,2,wk inc rsv hosp,2025-12-20,41,quantile,0.7,7.795936824997948
2025-12-06,2,wk inc rsv hosp,2025-12-20,41,quantile,0.75,7.846292904527918
2025-12-06,2,wk inc rsv hosp,2025-12-20,41,quantile,0.8,8.77959816614605
2025-12-06,2,wk inc rsv hosp,2025-12-20,41,quantile,0.85,9.406274724494358
2025-12-06,2,wk inc rsv hosp,2025-12-20,41,quantile,0.9,9.785640767645129
2025-12-06,2,wk inc rsv hosp,2025-12-20,41,quantile,0.95,9.839835916666663
2025-12-06,2,wk inc rsv hosp,2025-12-20,41,quantile,0.975,9.839835916666663
2025-12-06,2,wk inc rsv hosp,2025-12-20,41,quantile,0.99,9.839835916666663
2025-12-06,2,wk inc rsv hosp,2025-12-20,47,quantile,0.01,38.94067418333333
2025-12-06,2,wk inc rsv hosp,2025-12-20,47,quantile,0.025,38.94067418333333
2025-12-06,2,wk inc rsv hosp,2025-12-20,47,quantile,0.05,38.94067418333333
2025-12-06,2,wk inc rsv hosp,2025-12-20,47,quantile,0.1,40.096082760476186
2025-12-06,2,wk inc rsv hosp,2025-12-20,47,quantile,0.15,42.57258636709524
2025-12-06,2,wk inc rsv hosp,2025-12-20,47,quantile,0.2,43.3352584
2025-12-06,2,wk inc rsv hosp,2025-12-20,47,quantile,0.25,43.83273778055238
2025-12-06,2,wk inc rsv hosp,2025-12-20,47,quantile,0.3,43.84604157798095
2025-12-06,2,wk inc rsv hosp,2025-12-20,47,quantile,0.35,45.58650116487619
2025-12-06,2,wk inc rsv hosp,2025-12-20,47,quantile,0.4,47.28082855
2025-12-06,2,wk inc rsv hosp,2025-12-20,47,quantile,0.45,47.28082855
2025-12-06,2,wk inc rsv hosp,2025-12-20,47,quantile,0.5,47.59017111666667
2025-12-06,2,wk inc rsv hosp,2025-12-20,47,quantile,0.55,47.59017111666667
2025-12-06,2,wk inc rsv hosp,2025-12-20,47,quantile,0.6,47.59017111666667
2025-12-06,2,wk inc rsv hosp,2025-12-20,47,quantile,0.65,49.28449850179047
2025-12-06,2,wk inc rsv hosp,2025-12-20,47,quantile,0.7,51.02495808868572
2025-12-06,2,wk inc rsv hosp,2025-12-20,47,quantile,0.75,51.038261886114284
2025-12-06,2,wk inc rsv hosp,2025-12-20,47,quantile,0.8,51.53574126666666
2025-12-06,2,wk inc rsv hosp,2025-12-20,47,quantile,0.85,52.29841329957142
2025-12-06,2,wk inc rsv hosp,2025-12-20,47,quantile,0.9,54.77491690619048
2025-12-06,2,wk inc rsv hosp,2025-12-20,47,quantile,0.95,55.93032548333333
2025-12-06,2,wk inc rsv hosp,2025-12-20,47,quantile,0.975,55.93032548333333
2025-12-06,2,wk inc rsv hosp,2025-12-20,47,quantile,0.99,55.93032548333333
2025-12-06,2,wk inc rsv hosp,2025-12-20,49,quantile,0.01,0.0
2025-12-06,2,wk inc rsv hosp,2025-12-20,49,quantile,0.025,0.0
2025-12-06,2,wk inc rsv hosp,2025-12-20,49,quantile,0.05,0.0
2025-12-06,2,wk inc rsv hosp,2025-12-20,49,quantile,0.1,0.0
2025-12-06,2,wk inc rsv hosp,2025-12-20,49,quantile,0.15,0.4177474249523829
2025-12-06,2,wk inc rsv hosp,2025-12-20,49,quantile,0.2,1.2288206802380977
2025-12-06,2,wk inc rsv hosp,2025-12-20,49,quantile,0.25,1.7021083159530956
2025-12-06,2,wk inc rsv hosp,2025-12-20,49,quantile,0.3,2.5561202238571425
2025-12-06,2,wk inc rsv hosp,2025-12-20,49,quantile,0.35,2.832847879164292
2025-12-06,2,wk inc rsv hosp,2025-12-20,49,quantile,0.4,6.207979876347625
2025-12-06,2,wk inc rsv hosp,2025-12-20,49,quantile,0.45,6.447750068333334
2025-12-06,2,wk inc rsv hosp,2025-12-20,49,quantile,0.5,14.765597168333333
2025-12-06,2,wk inc rsv hosp,2025-12-20,49,quantile,0.55,14.765597168333333
2025-12-06,2,wk inc rsv hosp,2025-12-20,49,quantile,0.6,15.005367360319042
2025-12-06,2,wk inc rsv hosp,2025-12-20,49,quantile,0.65,18.380499357502377
2025-12-06,2,wk inc rsv hosp,2025-12-20,49,quantile,0.7,18.657227012809525
2025-12-06,2,wk inc rsv hosp,2025-12-20,49,quantile,0.75,19.511238920713573
2025-12-06,2,wk inc rsv hosp,2025-12-20,49,quantile,0.8,19.98452655642857
2025-12-06,2,wk inc rsv hosp,2025-12-20,49,quantile,0.85,20.795599811714283
2025-12-06,2,wk inc rsv hosp,2025-12-20,49,quantile,0.9,21.716299604
2025-12-06,2,wk inc rsv hosp,2025-12-20,49,quantile,0.95,24.837233068333333
2025-12-06,2,wk inc rsv hosp,2025-12-20,49,quantile,0.975,24.837233068333333
2025-12-06,2,wk inc rsv hosp,2025-12-20,49,quantile,0.99,24.837233068333333
2025-12-06,2,wk inc rsv hosp,2025-12-20,US,quantile,0.01,2223.8521600000004
2025-12-06,2,wk inc rsv hosp,2025-12-20,US,quantile,0.025,2223.8521600000004
2025-12-06,2,wk inc rsv hosp,2025-12-20,US,quantile,0.05,2223.8521600000004
2025-12-06,2,wk inc rsv hosp,2025-12-20,US,quantile,0.1,2223.8521600000004
2025-12-06,2,wk inc rsv hosp,2025-12-20,US,quantile,0.15,2223.8521600000004
2025-12-06,2,wk inc rsv hosp,2025-12-20,US,quantile,0.2,2223.8521600000004
2025-12-06,2,wk inc rsv hosp,2025-12-20,US,quantile,0.25,2223.8521600000004
2025-12-06,2,wk inc rsv hosp,2025-12-20,US,quantile,0.3,2263.510892914286
2025-12-06,2,wk inc rsv hosp,2025-12-20,US,quantile,0.35,2528.084449384762
2025-12-06,2,wk inc rsv hosp,2025-12-20,US,quantile,0.4,2605.2560646800007
2025-12-06,2,wk inc rsv hosp,2025-12-20,US,quantile,0.45,2653.330506400001
2025-12-06,2,wk inc rsv hosp,2025-12-20,US,quantile,0.5,2737.996914666667
2025-12-06,2,wk inc rsv hosp,2025-12-20,US,quantile,0.55,2785.334560266667
2025-12-06,2,wk inc rsv hosp,2025-12-20,US,quantile,0.6,2833.4090019866667
2025-12-06,2,wk inc rsv hosp,2025-12-20,US,quantile,0.65,2910.580617281905
2025-12-06,2,wk inc rsv hosp,2025-12-20,US,quantile,0.7,3175.154173752381
2025-12-06,2,wk inc rsv hosp,2025-12-20,US,quantile,0.75,3214.812906666667
2025-12-06,2,wk inc rsv hosp,2025-12-20,US,quantile,0.8,3214.812906666667
2025-12-06,2,wk inc rsv hosp,2025-12-20,US,quantile,0.85,3214.812906666667
2025-12-06,2,wk inc rsv hosp,2025-12-20,US,quantile,0.9,3214.812906666667
2025-12-06,2,wk inc rsv hosp,2025-12-20,US,quantile,0.95,3214.812906666667
2025-12-06,2,wk inc rsv hosp,2025-12-20,US,quantile,0.975,3214.812906666667
2025-12-06,2,wk inc rsv hosp,2025-12-20,US,quantile,0.99,3214.812906666667
2025-12-06,3,wk inc rsv hosp,2025-12-27,06,quantile,0.01,123.53442695
2025-12-06,3,wk inc rsv hosp,2025-12-27,06,quantile,0.025,123.53442695
2025-12-06,3,wk inc rsv hosp,2025-12-27,06,quantile,0.05,123.53442695
2025-12-06,3,wk inc rsv hosp,2025-12-27,06,quantile,0.1,123.53442695
2025-12-06,3,wk inc rsv hosp,2025-12-27,06,quantile,0.15,123.53442695
2025-12-06,3,wk inc rsv hosp,2025-12-27,06,quantile,0.2,132.17400460802227
2025-12-06,3,wk inc rsv hosp,2025-12-27,06,quantile,0.25,145.30710403594446
2025-12-06,3,wk inc rsv hosp,2025-12-27,06,quantile,0.3,149.93742244693334
2025-12-06,3,wk inc rsv hosp,2025-12-27,06,quantile,0.35,150.96591828955334
2025-12-06,3,wk inc rsv hosp,2025-12-27,06,quantile,0.4,152.86207060904002
2025-12-06,3,wk inc rsv hosp,2025-12-27,06,quantile,0.45,153.68842137842336
2025-12-06,3,wk inc rsv hosp,2025-12-27,06,quantile,0.5,156.1559505666667
2025-12-06,3,wk inc rsv hosp,2025-12-27,06,quantile,0.55,156.52885695491
2025-12-06,3,wk inc rsv hosp,2025-12-27,06,quantile,0.6,157.35520772429334
2025-12-06,3,wk inc rsv hosp,2025-12-27,06,quantile,0.65,159.25136004378
2025-12-06,3,wk inc rsv hosp,2025-12-27,06,quantile,0.7,160.2798558864
2025-12-06,3,wk inc rsv hosp,2025-12-27,06,quantile,0.75,164.9101742973889
2025-12-06,3,wk inc rsv hosp,2025-12-27,06,quantile,0.8,178.04327372531108
2025-12-06,3,wk inc rsv hosp,2025-12-27,06,quantile,0.85,186.68285138333331
2025-12-06,3,wk inc rsv hosp,2025-12-27,06,quantile,0.9,186.68285138333331
2025-12-06,3,wk inc rsv hosp,2025-12-27,06,quantile,0.95,186.68285138333331
2025-12-06,3,wk inc rsv hosp,2025-12-27,06,quantile,0.975,186.68285138333331
2025-12-06,3,wk inc rsv hosp,2025-12-27,06,quantile,0.99,186.68285138333331
2025-12-06,3,wk inc rsv hosp,2025-12-27,08,quantile,0.01,13.534652341666664
2025-12-06,3,wk inc rsv hosp,2025-12-27,08,quantile,0.025,13.534652341666664
2025-12-06,3,wk inc rsv hosp,2025-12-27,08,quantile,0.05,13.534652341666664
2025-12-06,3,wk inc rsv hosp,2025-12-27,08,quantile,0.1,13.825881901269575
2025-12-06,3,wk inc rsv hosp,2025-12-27,08,quantile,0.15,14.03783983040897
2025-12-06,3,wk inc rsv hosp,2025-12-27,08,quantile,0.2,14.091945011520004
2025-12-06,3,wk inc rsv hosp,2025-12-27,08,quantile,0.25,14.233492968000004
2025-12-06,3,wk inc rsv hosp,2025-12-27,08,quantile,0.3,14.999629108722914
2025-12-06,3,wk inc rsv hosp,2025-12-27,08,quantile,0.35,15.705197948503995
2025-12-06,3,wk inc rsv hosp,2025-12-27,08,quantile,0.4,16.19971015124737
2025-12-06,3,wk inc rsv hosp,2025-12-27,08,quantile,0.45,17.39793050833334
2025-12-06,3,wk inc rsv hosp,2025-12-27,08,quantile,0.5,21.639994158333323
2025-12-06,3,wk inc rsv hosp,2025-12-27,08,quantile,0.55,21.639994158333323
2025-12-06,3,wk inc rsv hosp,2025-12-27,08,quantile,0.6,22.83821451541929
2025-12-06,3,wk inc rsv hosp,2025-12-27,08,quantile,0.65,23.332726718162665
2025-12-06,3,wk inc rsv hosp,2025-12-27,08,quantile,0.7,24.038295557943748
2025-12-06,3,wk inc rsv hosp,2025-12-27,08,quantile,0.75,24.804431698666654
2025-12-06,3,wk inc rsv hosp,2025-12-27,08,quantile,0.8,24.945979655146655
2025-12-06,3,wk inc rsv hosp,2025-12-27,08,quantile,0.85,25.00008483625769
2025-12-06,3,wk inc rsv hosp,2025-12-27,08,quantile,0.9,25.212042765397086
2025-12-06,3,wk inc rsv hosp,2025-12-27,08,quantile,0.95,25.503272325
2025-12-06,3,wk inc rsv hosp,2025-12-27,08,quantile,0.975,25.503272325
2025-12-06,3,wk inc rsv hosp,2025-12-27,08,quantile,0.99,25.503272325
2025-12-06,3,wk inc rsv hosp,2025-12-27,09,quantile,0.01,30.05825383333333
2025-12-06,3,wk inc rsv hosp,2025-12-27,09,quantile,0.025,30.05825383333333
2025-12-06,3,wk inc rsv hosp,2025-12-27,09,quantile,0.05,30.05825383333333
2025-12-06,3,wk inc rsv hosp,2025-12-27,09,quantile,0.1,30.05825383333333
2025-12-06,3,wk inc rsv hosp,2025-12-27,09,quantile,0.15,31.247403033498887
2025-12-06,3,wk inc rsv hosp,2025-12-27,09,quantile,0.2,31.383154365857774
2025-12-06,3,wk inc rsv hosp,2025-12-27,09,quantile,0.25,31.57635159078333
2025-12-06,3,wk inc rsv hosp,2025-12-27,09,quantile,0.3,31.87922513369111
2025-12-06,3,wk inc rsv hosp,2025-12-27,09,quantile,0.35,31.915831796756663
2025-12-06,3,wk inc rsv hosp,2025-12-27,09,quantile,0.4,32.52306767400223
2025-12-06,3,wk inc rsv hosp,2025-12-27,09,quantile,0.45,33.36123979021222
2025-12-06,3,wk inc rsv hosp,2025-12-27,09,quantile,0.5,34.33041680333333
2025-12-06,3,wk inc rsv hosp,2025-12-27,09,quantile,0.55,34.42058054312111
2025-12-06,3,wk inc rsv hosp,2025-12-27,09,quantile,0.6,35.2587526593311
2025-12-06,3,wk inc rsv hosp,2025-12-27,09,quantile,0.65,35.865988536576666
2025-12-06,3,wk inc rsv hosp,2025-12-27,09,quantile,0.7,35.90259519964222
2025-12-06,3,wk inc rsv hosp,2025-12-27,09,quantile,0.75,36.20546874255
2025-12-06,3,wk inc rsv hosp,2025-12-27,09,quantile,0.8,36.39866596747555
2025-12-06,3,wk inc rsv hosp,2025-12-27,09,quantile,0.85,36.534417299834445
2025-12-06,3,wk inc rsv hosp,2025-12-27,09,quantile,0.9,37.7235665
2025-12-06,3,wk inc rsv hosp,2025-12-27,09,quantile,0.95,37.7235665
2025-12-06,3,wk inc rsv hosp,2025-12-27,09,quantile,0.975,37.7235665
2025-12-06,3,wk inc rsv hosp,2025-12-27,09,quantile,0.99,37.7235665
2025-12-06,3,wk inc rsv hosp,2025-12-27,13,quantile,0.01,206.08018400000003
2025-12-06,3,wk inc rsv hosp,2025-12-27,13,quantile,0.025,206.08018400000003
2025-12-06,3,wk inc rsv hosp,2025-12-27,13,quantile,0.05,206.08018400000003
2025-12-06,3,wk inc rsv hosp,2025-12-27,13,quantile,0.1,206.08018400000003
2025-12-06,3,wk inc rsv hosp,2025-12-27,13,quantile,0.15,206.08018400000003
2025-12-06,3,wk inc rsv hosp,2025-12-27,13,quantile,0.2,206.7693008246667
2025-12-06,3,wk inc rsv hosp,2025-12-27,13,quantile,0.25,207.77626610722223
2025-12-06,3,wk inc rsv hosp,2025-12-27,13,quantile,0.3,217.8317604226667
2025-12-06,3,wk inc rsv hosp,2025-12-27,13,quantile,0.35,221.293665548
2025-12-06,3,wk inc rsv hosp,2025-12-27,13,quantile,0.4,222.2614719074667
2025-12-06,3,wk inc rsv hosp,2025-12-27,13,quantile,0.45,224.65521886612223
2025-12-06,3,wk inc rsv hosp,2025-12-27,13,quantile,0.5,227.6664535
2025-12-06,3,wk inc rsv hosp,2025-12-27,13,quantile,0.55,229.60068446721112
2025-12-06,3,wk inc rsv hosp,2025-12-27,13,quantile,0.6,231.99443142586668
2025-12-06,3,wk inc rsv hosp,2025-12-27,13,quantile,0.65,232.96223778533337
2025-12-06,3,wk inc rsv hosp,2025-12-27,13,quantile,0.7,236.4241429106667
2025-12-06,3,wk inc rsv hosp,2025-12-27,13,quantile,0.75,246.47963722611112
2025-12-06,3,wk inc rsv hosp,2025-12-27,13,quantile,0.8,247.4866025086667
2025-12-06,3,wk inc rsv hosp,2025-12-27,13,quantile,0.85,248.17571933333332
2025-12-06,3,wk inc rsv hosp,2025-12-27,13,quantile,0.9,248.17571933333332
2025-12-06,3,wk inc rsv hosp,2025-12-27,13,quantile,0.95,248.17571933333332
2025-12-06,3,wk inc rsv hosp,2025-12-27,13,quantile,0.975,248.17571933333332
2025-12-06,3,wk inc rsv hosp,2025-12-27,13,quantile,0.99,248.17571933333332
2025-12-06,3,wk inc rsv hosp,2025-12-27,24,quantile,0.01,44.40567923333333
2025-12-06,3,wk inc rsv hosp,2025-12-27,24,quantile,0.025,44.40567923333333
2025-12-06,3,wk inc rsv hosp,2025-12-27,24,quantile,0.05,44.40567923333333
2025-12-06,3,wk inc rsv hosp,2025-12-27,24,quantile,0.1,44.40567923333333
2025-12-06,3,wk inc rsv hosp,2025-12-27,24,quantile,0.15,44.40567923333333
2025-12-06,3,wk inc rsv hosp,2025-12-27,24,quantile,0.2,46.55167588591112
2025-12-06,3,wk inc rsv hosp,2025-12-27,24,quantile,0.25,47.469275213
2025-12-06,3,wk inc rsv hosp,2025-12-27,24,quantile,0.3,52.82111637189334
2025-12-06,3,wk inc rsv hosp,2025-12-27,24,quantile,0.35,53.95951872598511
2025-12-06,3,wk inc rsv hosp,2025-12-27,24,quantile,0.4,55.33119065803199
2025-12-06,3,wk inc rsv hosp,2025-12-27,24,quantile,0.45,56.06414422627111
2025-12-06,3,wk inc rsv hosp,2025-12-27,24,quantile,0.5,56.95803834666667
2025-12-06,3,wk inc rsv hosp,2025-12-27,24,quantile,0.55,57.138569107062224
2025-12-06,3,wk inc rsv hosp,2025-12-27,24,quantile,0.6,57.87152267530134
2025-12-06,3,wk inc rsv hosp,2025-12-27,24,quantile,0.65,59.24319460734822
2025-12-06,3,wk inc rsv hosp,2025-12-27,24,quantile,0.7,60.38159696144
2025-12-06,3,wk inc rsv hosp,2025-12-27,24,quantile,0.75,65.73343812033333
2025-12-06,3,wk inc rsv hosp,2025-12-27,24,quantile,0.8,66.65103744742223
2025-12-06,3,wk inc rsv hosp,2025-12-27,24,quantile,0.85,68.7970341
2025-12-06,3,wk inc rsv hosp,2025-12-27,24,quantile,0.9,68.7970341
2025-12-06,3,wk inc rsv hosp,2025-12-27,24,quantile,0.95,68.7970341
2025-12-06,3,wk inc rsv hosp,2025-12-27,24,quantile,0.975,68.7970341
2025-12-06,3,wk inc rsv hosp,2025-12-27,24,quantile,0.99,68.7970341
2025-12-06,3,wk inc rsv hosp,2025-12-27,26,quantile,0.01,24.855847200000007
2025-12-06,3,wk inc rsv hosp,2025-12-27,26,quantile,0.025,24.855847200000007
2025-12-06,3,wk inc rsv hosp,2025-12-27,26,quantile,0.05,24.855847200000007
2025-12-06,3,wk inc rsv hosp,2025-12-27,26,quantile,0.1,27.758848787733346
2025-12-06,3,wk inc rsv hosp,2025-12-27,26,quantile,0.15,30.63530969564444
2025-12-06,3,wk inc rsv hosp,2025-12-27,26,quantile,0.2,34.62456358811112
2025-12-06,3,wk inc rsv hosp,2025-12-27,26,quantile,0.25,37.715318826388895
2025-12-06,3,wk inc rsv hosp,2025-12-27,26,quantile,0.3,39.07630211653334
2025-12-06,3,wk inc rsv hosp,2025-12-27,26,quantile,0.35,39.55355863480001
2025-12-06,3,wk inc rsv hosp,2025-12-27,26,quantile,0.4,41.49493475733335
2025-12-06,3,wk inc rsv hosp,2025-12-27,26,quantile,0.45,44.9076991
2025-12-06,3,wk inc rsv hosp,2025-12-27,26,quantile,0.5,52.80957690000001
2025-12-06,3,wk inc rsv hosp,2025-12-27,26,quantile,0.55,52.80957690000001
2025-12-06,3,wk inc rsv hosp,2025-12-27,26,quantile,0.6,56.222341242666666
2025-12-06,3,wk inc rsv hosp,2025-12-27,26,quantile,0.65,58.1637173652
2025-12-06,3,wk inc rsv hosp,2025-12-27,26,quantile,0.7,58.64097388346667
2025-12-06,3,wk inc rsv hosp,2025-12-27,26,quantile,0.75,60.00195717361112
2025-12-06,3,wk inc rsv hosp,2025-12-27,26,quantile,0.8,63.09271241188889
2025-12-06,3,wk inc rsv hosp,2025-12-27,26,quantile,0.85,67.08196630435557
2025-12-06,3,wk inc rsv hosp,2025-12-27,26,quantile,0.9,69.95842721226667
2025-12-06,3,wk inc rsv hosp,2025-12-27,26,quantile,0.95,72.8614288
2025-12-06,3,wk inc rsv hosp,2025-12-27,26,quantile,0.975,72.8614288
2025-12-06,3,wk inc rsv hosp,2025-12-27,26,quantile,0.99,72.8614288
2025-12-06,3,wk inc rsv hosp,2025-12-27,27,quantile,0.01,31.242824166666672
2025-12-06,3,wk inc rsv hosp,2025-12-27,27,quantile,0.025,31.242824166666672
2025-12-06,3,wk inc rsv hosp,2025-12-27,27,quantile,0.05,31.242824166666672
2025-12-06,3,wk inc rsv hosp,2025-12-27,27,quantile,0.1,31.242824166666672
2025-12-06,3,wk inc rsv hosp,2025-12-27,27,quantile,0.15,31.242824166666672
2025-12-06,3,wk inc rsv hosp,2025-12-27,27,quantile,0.2,32.53582984272223
2025-12-06,3,wk inc rsv hosp,2025-12-27,27,quantile,0.25,35.40102889400001
2025-12-06,3,wk inc rsv hosp,2025-12-27,27,quantile,0.3,36.53770670761778
2025-12-06,3,wk inc rsv hosp,2025-12-27,27,quantile,0.35,39.126505045533335
2025-12-06,3,wk inc rsv hosp,2025-12-27,27,quantile,0.4,39.419389823288896
2025-12-06,3,wk inc rsv hosp,2025-12-27,27,quantile,0.45,41.695203467488895
2025-12-06,3,wk inc rsv hosp,2025-12-27,27,quantile,0.5,42.54316927833334
2025-12-06,3,wk inc rsv hosp,2025-12-27,27,quantile,0.55,43.29367719917778
2025-12-06,3,wk inc rsv hosp,2025-12-27,27,quantile,0.6,45.56949084337778
2025-12-06,3,wk inc rsv hosp,2025-12-27,27,quantile,0.65,45.86237562113334
2025-12-06,3,wk inc rsv hosp,2025-12-27,27,quantile,0.7,48.451173959048894
2025-12-06,3,wk inc rsv hosp,2025-12-27,27,quantile,0.75,49.58785177266667
2025-12-06,3,wk inc rsv hosp,2025-12-27,27,quantile,0.8,52.45305082394445
2025-12-06,3,wk inc rsv hosp,2025-12-27,27,quantile,0.85,53.7460565
2025-12-06,3,wk inc rsv hosp,2025-12-27,27,quantile,0.9,53.7460565
2025-12-06,3,wk inc rsv hosp,2025-12-27,27,quantile,0.95,53.7460565
2025-12-06,3,wk inc rsv hosp,2025-12-27,27,quantile,0.975,53.7460565
2025-12-06,3,wk inc rsv hosp,2025-12-27,27,quantile,0.99,53.7460565
2025-12-06,3,wk inc rsv hosp,2025-12-27,35,quantile,0.01,3.3267864166666747
2025-12-06,3,wk inc rsv hosp,2025-12-27,35,quantile,0.025,3.3267864166666747
2025-12-06,3,wk inc rsv hosp,2025-12-27,35,quantile,0.05,3.3267864166666747
2025-12-06,3,wk inc rsv hosp,2025-12-27,35,quantile,0.1,3.3267864166666747
2025-12-06,3,wk inc rsv hosp,2025-12-27,35,quantile,0.15,3.9250651394800062
2025-12-06,3,wk inc rsv hosp,2025-12-27,35,quantile,0.2,5.40496497204
2025-12-06,3,wk inc rsv hosp,2025-12-27,35,quantile,0.25,7.342596993661111
2025-12-06,3,wk inc rsv hosp,2025-12-27,35,quantile,0.3,7.773533869942223
2025-12-06,3,wk inc rsv hosp,2025-12-27,35,quantile,0.35,7.91957867655
2025-12-06,3,wk inc rsv hosp,2025-12-27,35,quantile,0.4,8.222873252466666
2025-12-06,3,wk inc rsv hosp,2025-12-27,35,quantile,0.45,9.237306252329327
2025-12-06,3,wk inc rsv hosp,2025-12-27,35,quantile,0.5,17.430181066
2025-12-06,3,wk inc rsv hosp,2025-12-27,35,quantile,0.55,18.24804374767067
2025-12-06,3,wk inc rsv hosp,2025-12-27,35,quantile,0.6,19.26247674753333
2025-12-06,3,wk inc rsv hosp,2025-12-27,35,quantile,0.65,19.56577132345
2025-12-06,3,wk inc rsv hosp,2025-12-27,35,quantile,0.7,19.711816130057777
2025-12-06,3,wk inc rsv hosp,2025-12-27,35,quantile,0.75,20.14275300633889
2025-12-06,3,wk inc rsv hosp,2025-12-27,35,quantile,0.8,22.08038502796
2025-12-06,3,wk inc rsv hosp,2025-12-27,35,quantile,0.85,23.560284860519992
2025-12-06,3,wk inc rsv hosp,2025-12-27,35,quantile,0.9,24.15856358333333
2025-12-06,3,wk inc rsv hosp,2025-12-27,35,quantile,0.95,24.15856358333333
2025-12-06,3,wk inc rsv hosp,2025-12-27,35,quantile,0.975,24.15856358333333
2025-12-06,3,wk inc rsv hosp,2025-12-27,35,quantile,0.99,24.15856358333333
2025-12-06,3,wk inc rsv hosp,2025-12-27,36,quantile,0.01,215.6743452166666
2025-12-06,3,wk inc rsv hosp,2025-12-27,36,quantile,0.025,215.6743452166666
2025-12-06,3,wk inc rsv hosp,2025-12-27,36,quantile,0.05,215.6743452166666
2025-12-06,3,wk inc rsv hosp,2025-12-27,36,quantile,0.1,215.6743452166666
2025-12-06,3,wk inc rsv hosp,2025-12-27,36,quantile,0.15,215.6743452166666
2025-12-06,3,wk inc rsv hosp,2025-12-27,36,quantile,0.2,215.6743452166666
2025-12-06,3,wk inc rsv hosp,2025-12-27,36,quantile,0.25,222.00582125772212
2025-12-06,3,wk inc rsv hosp,2025-12-27,36,quantile,0.3,239.5529965413333
2025-12-06,3,wk inc rsv hosp,2025-12-27,36,quantile,0.35,243.43427684292217
2025-12-06,3,wk inc rsv hosp,2025-12-27,36,quantile,0.4,246.06284085638885
2025-12-06,3,wk inc rsv hosp,2025-12-27,36,quantile,0.45,246.9730402463222
2025-12-06,3,wk inc rsv hosp,2025-12-27,36,quantile,0.5,249.2985355
2025-12-06,3,wk inc rsv hosp,2025-12-27,36,quantile,0.55,251.4612264203444
2025-12-06,3,wk inc rsv hosp,2025-12-27,36,quantile,0.6,252.3714258102777
2025-12-06,3,wk inc rsv hosp,2025-12-27,36,quantile,0.65,254.9999898237444
2025-12-06,3,wk inc rsv hosp,2025-12-27,36,quantile,0.7,258.8812701253333
2025-12-06,3,wk inc rsv hosp,2025-12-27,36,quantile,0.75,276.4284454089444
2025-12-06,3,wk inc rsv hosp,2025-12-27,36,quantile,0.8,282.75992145
2025-12-06,3,wk inc rsv hosp,2025-12-27,36,quantile,0.85,282.75992145
2025-12-06,3,wk inc rsv hosp,2025-12-27,36,quantile,0.9,282.75992145
2025-12-06,3,wk inc rsv hosp,2025-12-27,36,quantile,0.95,282.75992145
2025-12-06,3,wk inc rsv hosp,2025-12-27,36,quantile,0.975,282.75992145
2025-12-06,3,wk inc rsv hosp,2025-12-27,36,quantile,0.99,282.75992145
2025-12-06,3,wk inc rsv hosp,2025-12-27,41,quantile,0.01,0.0
2025-12-06,3,wk inc rsv hosp,2025-12-27,41,quantile,0.025,0.0
2025-12-06,3,wk inc rsv hosp,2025-12-27,41,quantile,0.05,0.0
2025-12-06,3,wk inc rsv hosp,2025-12-27,41,quantile,0.1,0.0
2025-12-06,3,wk inc rsv hosp,2025-12-27,41,quantile,0.15,0.8313987759288892
2025-12-06,3,wk inc rsv hosp,2025-12-27,41,quantile,0.2,0.836223190560001
2025-12-06,3,wk inc rsv hosp,2025-12-27,41,quantile,0.25,2.6549999823333352
2025-12-06,3,wk inc rsv hosp,2025-12-27,41,quantile,0.3,3.159118532444445
2025-12-06,3,wk inc rsv hosp,2025-12-27,41,quantile,0.35,3.237853471555555
2025-12-06,3,wk inc rsv hosp,2025-12-27,41,quantile,0.4,4.052979714100003
2025-12-06,3,wk inc rsv hosp,2025-12-27,41,quantile,0.45,4.370036093349998
2025-12-06,3,wk inc rsv hosp,2025-12-27,41,quantile,0.5,7.009560196666667
2025-12-06,3,wk inc rsv hosp,2025-12-27,41,quantile,0.55,8.124856806650005
2025-12-06,3,wk inc rsv hosp,2025-12-27,41,quantile,0.6,8.441913185899999
2025-12-06,3,wk inc rsv hosp,2025-12-27,41,quantile,0.65,9.257039428444449
2025-12-06,3,wk inc rsv hosp,2025-12-27,41,quantile,0.7,9.335774367555556
2025-12-06,3,wk inc rsv hosp,2025-12-27,41,quantile,0.75,9.839892917666669
2025-12-06,3,wk inc rsv hosp,2025-12-27,41,quantile,0.8,11.658669709440002
2025-12-06,3,wk inc rsv hosp,2025-12-27,41,quantile,0.85,11.663494124071113
2025-12-06,3,wk inc rsv hosp,2025-12-27,41,quantile,0.9,16.122151216666666
2025-12-06,3,wk inc rsv hosp,2025-12-27,41,quantile,0.95,16.122151216666666
2025-12-06,3,wk inc rsv hosp,2025-12-27,41,quantile,0.975,16.122151216666666
2025-12-06,3,wk inc rsv hosp,2025-12-27,41,quantile,0.99,16.122151216666666
2025-12-06,3,wk inc rsv hosp,2025-12-27,47,quantile,0.01,49.88026965
2025-12-06,3,wk inc rsv hosp,2025-12-27,47,quantile,0.025,49.88026965
2025-12-06,3,wk inc rsv hosp,2025-12-27,47,quantile,0.05,49.88026965
2025-12-06,3,wk inc rsv hosp,2025-12-27,47,quantile,0.1,50.41091791630556
2025-12-06,3,wk inc rsv hosp,2025-12-27,47,quantile,0.15,50.46068309280556
2025-12-06,3,wk inc rsv hosp,2025-12-27,47,quantile,0.2,53.160020915740006
2025-12-06,3,wk inc rsv hosp,2025-12-27,47,quantile,0.25,53.34161301236667
2025-12-06,3,wk inc rsv hosp,2025-12-27,47,quantile,0.3,53.630139994530005
2025-12-06,3,wk inc rsv hosp,2025-12-27,47,quantile,0.35,55.42642423076668
2025-12-06,3,wk inc rsv hosp,2025-12-27,47,quantile,0.4,55.60372167446666
2025-12-06,3,wk inc rsv hosp,2025-12-27,47,quantile,0.45,55.68585563555112
2025-12-06,3,wk inc rsv hosp,2025-12-27,47,quantile,0.5,59.630886075
2025-12-06,3,wk inc rsv hosp,2025-12-27,47,quantile,0.55,59.91032369778223
2025-12-06,3,wk inc rsv hosp,2025-12-27,47,quantile,0.6,59.99245765886668
2025-12-06,3,wk inc rsv hosp,2025-12-27,47,quantile,0.65,60.16975510256666
2025-12-06,3,wk inc rsv hosp,2025-12-27,47,quantile,0.7,61.96603933880333
2025-12-06,3,wk inc rsv hosp,2025-12-27,47,quantile,0.75,62.25456632096667
2025-12-06,3,wk inc rsv hosp,2025-12-27,47,quantile,0.8,62.43615841759333
2025-12-06,3,wk inc rsv hosp,2025-12-27,47,quantile,0.85,65.13549624052779
2025-12-06,3,wk inc rsv hosp,2025-12-27,47,quantile,0.9,65.18526141702777
2025-12-06,3,wk inc rsv hosp,2025-12-27,47,quantile,0.95,65.71590968333334
2025-12-06,3,wk inc rsv hosp,2025-12-27,47,quantile,0.975,65.71590968333334
2025-12-06,3,wk inc rsv hosp,2025-12-27,47,quantile,0.99,65.71590968333334
2025-12-06,3,wk inc rsv hosp,2025-12-27,49,quantile,0.01,0.0
2025-12-06,3,wk inc rsv hosp,2025-12-27,49,quantile,0.025,0.0
2025-12-06,3,wk inc rsv hosp,2025-12-27,49,quantile,0.05,0.0
2025-12-06,3,wk inc rsv hosp,2025-12-27,49,quantile,0.1,0.0
2025-12-06,3,wk inc rsv hosp,2025-12-27,49,quantile,0.15,1.628063953443336
2025-12-06,3,wk inc rsv hosp,2025-12-27,49,quantile,0.2,2.3657058744666664
2025-12-06,3,wk inc rsv hosp,2025-12-27,49,quantile,0.25,3.4100977303333355
2025-12-06,3,wk inc rsv hosp,2025-12-27,49,quantile,0.3,6.015870423623344
2025-12-06,3,wk inc rsv hosp,2025-12-27,49,quantile,0.35,6.43440961972
2025-12-06,3,wk inc rsv hosp,2025-12-27,49,quantile,0.4,7.088142700700001
2025-12-06,3,wk inc rsv hosp,2025-12-27,49,quantile,0.45,7.585124140750557
2025-12-06,3,wk inc rsv hosp,2025-12-27,49,quantile,0.5,22.383039850000003
2025-12-06,3,wk inc rsv hosp,2025-12-27,49,quantile,0.55,23.515424392582776
2025-12-06,3,wk inc rsv hosp,2025-12-27,49,quantile,0.6,24.01240583263333
2025-12-06,3,wk inc rsv hosp,2025-12-27,49,quantile,0.65,24.66613891361333
2025-12-06,3,wk inc rsv hosp,2025-12-27,49,quantile,0.7,25.08467810970999
2025-12-06,3,wk inc rsv hosp,2025-12-27,49,quantile,0.75,27.690450803
2025-12-06,3,wk inc rsv hosp,2025-12-27,49,quantile,0.8,28.73484265886667
2025-12-06,3,wk inc rsv hosp,2025-12-27,49,quantile,0.85,29.47248457989
2025-12-06,3,wk inc rsv hosp,2025-12-27,49,quantile,0.9,36.78411868333333
2025-12-06,3,wk inc rsv hosp,2025-12-27,49,quantile,0.95,36.78411868333333
2025-12-06,3,wk inc rsv hosp,2025-12-27,49,quantile,0.975,36.78411868333333
2025-12-06,3,wk inc rsv hosp,2025-12-27,49,quantile,0.99,36.78411868333333
2025-12-06,3,wk inc rsv hosp,2025-12-27,US,quantile,0.01,2541.6007733333336
2025-12-06,3,wk inc rsv hosp,2025-12-27,US,quantile,0.025,2541.6007733333336
2025-12-06,3,wk inc rsv hosp,2025-12-27,US,quantile,0.05,2541.6007733333336
2025-12-06,3,wk inc rsv hosp,2025-12-27,US,quantile,0.1,2541.6007733333336
2025-12-06,3,wk inc rsv hosp,2025-12-27,US,quantile,0.15,2541.6007733333336
2025-12-06,3,wk inc rsv hosp,2025-12-27,US,quantile,0.2,2541.6007733333336
2025-12-06,3,wk inc rsv hosp,2025-12-27,US,quantile,0.25,2541.6007733333336
2025-12-06,3,wk inc rsv hosp,2025-12-27,US,quantile,0.3,2541.6007733333336
2025-12-06,3,wk inc rsv hosp,2025-12-27,US,quantile,0.35,2869.956427948
2025-12-06,3,wk inc rsv hosp,2025-12-27,US,quantile,0.4,3081.9891360428337
2025-12-06,3,wk inc rsv hosp,2025-12-27,US,quantile,0.45,3090.1011305300003
2025-12-06,3,wk inc rsv hosp,2025-12-27,US,quantile,0.5,3110.978010166667
2025-12-06,3,wk inc rsv hosp,2025-12-27,US,quantile,0.55,3124.4672028033333
2025-12-06,3,wk inc rsv hosp,2025-12-27,US,quantile,0.6,3132.5791972905
2025-12-06,3,wk inc rsv hosp,2025-12-27,US,quantile,0.65,3344.6119053853336
2025-12-06,3,wk inc rsv hosp,2025-12-27,US,quantile,0.7,3672.96756
2025-12-06,3,wk inc rsv hosp,2025-12-27,US,quantile,0.75,3672.96756
2025-12-06,3,wk inc rsv hosp,2025-12-27,US,quantile,0.8,3672.96756
2025-12-06,3,wk inc rsv hosp,2025-12-27,US,quantile,0.85,3672.96756
2025-12-06,3,wk inc rsv hosp,2025-12-27,US,quantile,0.9,3672.96756
2025-12-06,3,wk inc rsv hosp,2025-12-27,US,quantile,0.95,3672.96756
2025-12-06,3,wk inc rsv hosp,2025-12-27,US,quantile,0.975,3672.96756
2025-12-06,3,wk inc rsv hosp,2025-12-27,US,quantile,0.99,3672.96756
